"Date","REDOX_20cm","REDOX_5cm"
2020-03-28,-131.004343402778,-44.8107921869213
2020-03-29,-132.009793287037,-37.443153136574
2020-03-30,-131.252657407407,-44.7968060393519
2020-03-31,-133.807297453704,-42.0730933194445
2020-04-01,-134.412162681159,-36.4645495652174
2020-04-02,-134.622625347222,-32.6181273148148
2020-04-03,-135.640500115741,-28.0365751736111
2020-04-04,-135.857397453704,-25.0301214699074
2020-04-05,-133.324853472222,-53.0416733761574
2020-04-06,-134.632335532407,-56.9842724988426
2020-04-07,-134.645838541667,-35.8155447569444
2020-04-08,-134.444174421296,-52.2295141145833
2020-04-09,-136.209902083333,-68.3834271481481
2020-04-10,-140.089487615741,-64.0800815428241
2020-04-11,-138.989714814815,-42.5313196581197
2020-04-12,-138.539863333333,-41.5621781481481
2020-04-13,-135.209915162037,-56.4452266967593
2020-04-14,-139.029735185185,-73.1478365740741
2020-04-15,-140.664007986111,-61.6059461476852
2020-04-16,-141.231616419753,-40.747307654321
2020-04-17,-140.472372997416,-29.6478834625323
2020-04-18,-140.991001538462,-31.5025128205128
2020-04-19,-139.53247991453,-19.518063960114
2020-04-20,-140.727989974937,-28.0610665413534
2020-04-21,-139.27027962963,-21.2499415509259
2020-04-22,-139.78274691358,-19.5799675308642
2020-04-23,-139.112665130024,-14.132420212766
2020-04-24,-139.286113888889,-27.9935193055555
2020-04-25,-139.402143287037,-22.9243641203704
2020-04-26,-138.793042824074,-40.9189489465278
2020-04-27,-141.343741203704,-51.3408063310185
2020-04-28,-141.518509490741,-31.365646994213
2020-04-29,-137.793067361111,-20.0460833333334
2020-04-30,-135.82444212963,-42.4268196918982
2020-05-01,-139.10655162037,-71.6117159722222
2020-05-02,-140.342128587963,-65.0927561342593
2020-05-03,-139.109419791667,-54.1990133101852
2020-05-04,-140.242826388889,-53.2303789351852
2020-05-05,-143.735098842593,-34.3005754976852
2020-05-06,-142.53181099537,-24.9542274305556
2020-05-07,-142.723061805556,-15.815405775463
2020-05-08,-141.809458912037,-8.63192380787035
2020-05-09,-143.706081084656,-3.32942858994706
2020-05-10,-141.903360968661,29.148538424359
2020-05-11,-142.477441729323,49.7502628294486
2020-05-12,-142.687359837963,65.9720567440972
2020-05-13,-141.598246643519,90.8823880555556
2020-05-14,-140.137932986111,94.0017845320949
2020-05-15,-137.677808912037,60.6681442583333
2020-05-16,-139.366216319444,39.4682783888889
2020-05-17,-142.175760532407,51.6264604861111
2020-05-18,-142.572999768519,69.9274809375
2020-05-19,-143.309496527778,72.7406311342592
2020-05-20,-142.650075810185,55.2840128761574
2020-05-21,-140.500534722222,70.3607626
2020-05-22,-137.321838773148,77.9206208009259
2020-05-23,-137.9378125,69.078737962963
2020-05-24,-142.395029166667,79.664831990162
2020-05-25,-139.588863657407,51.4754296620371
2020-05-26,-139.32701400463,80.168971406632
2020-05-27,-138.372593171296,84.9490568240741
2020-05-28,-137.878204398148,41.4215734224537
2020-05-29,-138.684410185185,15.7539609722222
2020-05-30,-142.616042013889,16.5348459837963
2020-05-31,-146.750739467593,32.1615301521991
2020-06-01,-147.759279282407,61.3144577893518
2020-06-02,-145.752661689815,49.6041866539352
2020-06-03,-143.001789699074,65.1052431018519
2020-06-04,-141.896463541667,53.1198532105324
2020-06-05,-142.117809490741,10.2905439583333
2020-06-06,-143.232608449074,3.07137870370376
2020-06-07,-147.602005208333,9.57058598379628
2020-06-08,-149.096130902778,31.2727584618055
2020-06-09,-147.383814583333,44.652077511574
2020-06-10,-144.986096875,39.6624350462963
2020-06-11,-144.608541782407,6.90037013541666
2020-06-12,-148.359671643519,4.21873403125
2020-06-13,-151.412628703704,21.3835815046296
2020-06-14,-152.737174421296,37.9441773148148
2020-06-15,-152.232867013889,71.8152408449074
2020-06-16,-150.761788078704,72.4956493171296
2020-06-17,-149.988995949074,41.4748237384259
2020-06-18,-148.243461689815,43.3379931481482
2020-06-19,-148.71118275463,58.3787360532408
2020-06-20,-148.835647106481,62.4411389299768
2020-06-21,-148.587743171296,53.8933558796296
2020-06-22,-148.237626967593,46.1202837601852
2020-06-23,-148.445755787037,4.79102245370371
2020-06-24,-150.986314814815,-2.90015347222222
2020-06-25,-152.529355787037,-0.200149930555535
2020-06-26,-152.68139837963,-3.7672436574074
2020-06-27,-152.040709259259,-5.80934098379629
2020-06-28,-152.362312152778,-16.0988330555555
2020-06-29,-153.749684143519,-20.5252873842592
2020-06-30,-154.022163310185,-29.3029409722223
2020-07-01,-152.153748958333,-57.0843811342593
2020-07-02,-151.94214224537,-69.6948519675926
2020-07-03,-152.608091319444,-76.4655157407407
2020-07-04,-153.13065150463,-83.3833501157407
2020-07-05,-151.101509837963,-99.2182460648148
2020-07-06,-152.831607696759,-112.033720196759
2020-07-07,-157.035870833333,-125.805560532407
2020-07-08,-150.370550347222,-120.687691203704
2020-07-09,-146.861259548611,-118.995486342593
2020-07-10,-147.567590509259,-122.901570833333
2020-07-11,-148.037747627315,-127.260117824074
2020-07-12,-148.997222858796,-131.86914693287
2020-07-13,-149.235711805556,-134.390539178241
2020-07-14,-150.725377951389,-137.538496354167
2020-07-15,-150.989035069444,-138.448030208333
2020-07-16,-150.522375752315,-139.77519537037
2020-07-17,-148.212122916667,-138.188931712963
2020-07-18,-151.381913136574,-140.829949363426
2020-07-19,-152.780022280093,-141.274872685185
2020-07-20,-153.029330729167,-142.751693287037
2020-07-21,-155.290414525463,-145.87991880787
2020-07-22,-155.059117418981,-146.8854390625
2020-07-23,-155.715718473193,-148.992208857809
2020-07-24,-156.474771643518,-151.122665219907
2020-07-25,-156.596021469907,-152.268889525463
2020-07-26,-155.782002256944,-153.011147743056
2020-07-27,-156.414295081019,-154.441038020833
2020-07-28,-155.936269386574,-155.084559837963
2020-07-29,-157.100146990741,-156.865954398148
2020-07-30,-156.486038946759,-156.456118518519
2020-07-31,-155.3744046875,-155.350896354167
2020-08-01,-158.261506423611,-158.373081597222
2020-08-02,-156.327053298611,-157.724264236111
2020-08-03,-157.371486400463,-159.140894502315
2020-08-04,-159.921643460648,-161.468321643519
2020-08-05,-160.236,-162.614938888889
2020-08-06,-159.849132291667,-163.281336111111
2020-08-07,-159.525780150463,-163.74589537037
2020-08-08,-159.929081655093,-164.807021006944
2020-08-09,-159.745872453704,-165.26716875
2020-08-10,-159.300631944444,-166.107274016204
2020-08-11,-159.738343576389,-168.054990798611
2020-08-12,-160.508680902778,-170.201872800926
2020-08-13,-162.234319675926,-173.403774479167
2020-08-14,-164.990339525463,-175.982416435185
2020-08-15,-165.691907002315,-176.787604282407
2020-08-16,-164.646902719907,-176.460592766204
2020-08-17,-164.426687268519,-176.909110590278
2020-08-18,-163.319155150463,-176.966144097222
2020-08-19,-164.144366493056,-178.844716087963
2020-08-20,-164.556925694444,-178.721714467593
2020-08-21,-163.059569155093,-177.788540914352
2020-08-22,-161.943433275463,-178.042847627315
2020-08-23,-161.296273668981,-177.89012818287
2020-08-24,-161.096009664352,-177.275036979167
2020-08-25,-162.328568229167,-177.74605162037
2020-08-26,-165.801255266204,-179.21598587963
2020-08-27,-164.852767418981,-176.880013368056
2020-08-28,-165.489183738426,-176.881347106481
2020-08-29,-165.15915318287,-172.018423206019
2020-08-30,-170.81299849537,-160.820607239583
2020-08-31,-170.022573668981,-140.836040972222
2020-09-01,-168.674719791667,-144.694638993056
2020-09-02,-167.045219733796,-160.919976412037
2020-09-03,-165.913305787037,-167.03702806713
2020-09-04,-168.997440104167,-169.97461244213
2020-09-05,-175.014065856481,-172.809704456019
2020-09-06,-174.170927662037,-168.588706018519
2020-09-07,-173.731255381944,-166.109940509259
2020-09-08,-172.320829398148,-163.179350868056
2020-09-09,-167.999161979167,-159.414233391204
2020-09-10,-167.328422164352,-158.148524710648
2020-09-11,-172.640119502315,-163.125946875
2020-09-12,-176.507645659722,-164.725940393518
2020-09-13,-174.924058217593,-160.929120833333
2020-09-14,-176.174733043981,-162.161657407407
2020-09-15,-181.111633506944,-163.916411516204
2020-09-16,-178.585361574074,-158.874360069444
2020-09-17,-175.34331412037,-155.826002199074
2020-09-18,-178.090805034722,-159.087120543981
2020-09-19,-182.303665740741,-159.267382349537
2020-09-20,-181.292988831019,-154.075755439815
2020-09-21,-180.467592997685,-151.441899247685
2020-09-22,-179.331231770833,-149.610110358796
2020-09-23,-177.440061747685,-147.326582175926
2020-09-24,-176.944711805556,-148.330554398148
2020-09-25,-176.205016435185,-145.62656568287
2020-09-26,-173.945344849537,-144.363000925926
2020-09-27,-174.322143229167,-144.960467997685
2020-09-28,-174.872063946759,-145.2883015625
2020-09-29,-175.153997916667,-146.897724189815
2020-09-30,-179.993191840278,-149.497669502315
2020-10-01,-180.207497222222,-146.187927835648
2020-10-02,-181.285376678241,-145.144921701389
2020-10-03,-182.713073321759,-141.960853761574
2020-10-04,-181.637223553241,-138.198539872685
2020-10-05,-180.514703703704,-136.961635474537
2020-10-06,-180.090815219907,-135.029845335648
2020-10-07,-178.812963136574,-132.88372197338
2020-10-08,-180.667416550926,-133.221078425926
2020-10-09,-180.944041493056,-130.110593420139
2020-10-10,-178.401081655093,-126.690097523148
2020-10-11,-174.72440162037,-125.563753142361
2020-10-12,-175.891805092593,-131.083635474537
2020-10-13,-178.734029918981,-134.636013310185
2020-10-14,-180.45323912037,-133.320314988426
2020-10-15,-178.884025405093,-130.501155729167
2020-10-16,-179.894149826389,-132.350600752315
2020-10-17,-182.608681365741,-130.508257320602
2020-10-18,-181.902129398148,-124.193894832176
2020-10-19,-179.528340277778,-123.606683009259
2020-10-20,-176.308924537037,-121.116649207176
2020-10-21,-165.084246585648,-110.040740607639
2020-10-22,-173.516317881944,-117.264738541667
2020-10-23,-175.990482928241,-119.724199883681
2020-10-24,-178.021543055556,-120.841594010417
2020-10-25,-165.827367881944,-105.791822930671
2020-10-26,-170.020720081019,-106.297563548727
2020-10-27,-174.955019791667,-110.714044042245
2020-10-28,-177.468131944444,-113.130883253241
2020-10-29,-160.24785005787,-98.0438799026041
2020-10-30,-171.916444270833,-112.373430667187
2020-10-31,-164.050950810185,-99.528740228588
2020-11-01,-149.357046256039,-85.5620395133454
2020-11-02,-144.811981425532,-79.9900773768676
2020-11-03,-146.767578324016,-81.998660770949
2020-11-04,-142.628515891572,-76.8029156862853
2020-11-05,-152.484304803241,-86.5863606083334
2020-11-06,-152.40083744213,-87.6793725393518
2020-11-07,-154.257531365741,-87.8409729990162
2020-11-08,-153.205536111111,-86.0136256113484
2020-11-09,-151.959000289352,-84.5600685341435
2020-11-10,-151.672230497685,-84.8395468944444
2020-11-11,-148.565158159722,-84.266476988368
2020-11-12,-154.483799768519,-99.6156920283565
2020-11-13,-158.595927893519,-100.897281412037
2020-11-14,-157.237412094907,-91.251390149074
2020-11-15,-148.218751446759,-81.6531593240741
2020-11-16,-138.269779976852,-73.5698393076389
2020-11-17,-149.474479861111,-78.3714187615741
2020-11-18,-146.768035619792,-73.6828931404514
2020-11-19,-147.004888020833,-72.2950308275463
2020-11-20,-141.456197309028,-66.6153387210648
2020-11-21,-139.945756944444,-66.5651228368056
2020-11-22,-142.70487974537,-72.3987314658565
2020-11-23,-151.69472650463,-82.7741340337963
2020-11-24,-147.197434293981,-75.8713623682349
2020-11-25,-157.484945428241,-85.1929715835648
2020-11-26,-142.729540914352,-71.4343369188079
2020-11-27,-156.567412268519,-84.1977202349537
2020-11-28,-158.148593260995,-83.1744103449074
2020-11-29,-165.460428240741,-84.1662506828704
2020-11-30,-143.128777893519,-67.2585756365741
2020-12-01,-134.928824006103,-61.2676797501198
2020-12-02,-138.13855351455,-53.9822448784722
2020-12-03,-146.647967939815,-63.4006180034723
2020-12-04,-147.291667650463,-69.9966882309954
2020-12-05,-160.119014699074,-85.6947741580573
2020-12-06,-173.203361168981,-99.0398698663195
2020-12-07,-166.784963769676,-90.6542481794445
2020-12-08,-165.32524228588,-87.8298123894676
2020-12-09,-162.51497408912,-83.2620694421297
2020-12-10,-162.260923090278,-80.6641638707755
2020-12-11,-161.860062673611,-79.6238291574074
2020-12-12,-159.472026001157,-78.3068740855324
2020-12-13,-155.508037384259,-76.1239294467592
2020-12-14,-137.591740665509,-54.5920819176505
2020-12-15,-143.943871006944,-58.8830647846528
2020-12-16,-136.498038773148,-50.2115745230903
2020-12-17,-134.394662962963,-46.8803237844329
2020-12-18,-132.689220740741,-44.2973642631945
2020-12-19,-135.485136796296,-48.0714505566261
2020-12-20,-123.326017118056,-33.8715350730324
2020-12-21,-125.112324166667,-37.4570648211227
2020-12-22,-122.726903043981,-35.0943621643519
2020-12-23,-132.008438425926,-43.7932216443519
2020-12-24,-127.651295949074,-42.4614439041782
2020-12-25,-125.325094270833,-46.7983006105324
2020-12-26,-127.70222337963,-41.3751489079861
2020-12-27,-124.676180844907,-34.8262448564815
2020-12-28,-120.8320046875,-32.0258242418981
2020-12-29,-124.267007523148,-35.1679350717592
2020-12-30,-118.523672002315,-28.0475426568287
2020-12-31,-126.870630555556,-39.6853085099537
2021-01-01,-126.6996171875,-48.520596077381
2021-01-02,-127.906129108796,-49.0528752581602
2021-01-03,-127.681750115741,-50.6082662678571
2021-01-04,-136.401429790941,-57.7049508491686
2021-01-05,-138.965591145833,-58.8446462160567
2021-01-06,-139.446130671296,-59.9258301066983
2021-01-07,-141.714386994728,-62.0617854008439
2021-01-08,-140.075064188791,-58.7103636313224
2021-01-09,-142.254136938534,-58.839068592145
2021-01-10,-141.735101909722,-59.1339129544109
2021-01-11,-144.597620949074,-57.9048284619883
2021-01-12,-145.821110839161,-57.4739628344137
2021-01-13,-148.484455497685,-60.2414893302271
2021-01-14,-146.539632060185,-57.6261544476744
2021-01-15,-144.024266666667,-55.2975320268692
2021-01-16,-134.675116666667,-45.3147152841242
2021-01-17,-135.170312762238,-45.7839269501466
2021-01-18,-136.464729545455,-47.4081055058824
2021-01-19,-139.844841956019,-52.5495553963594
2021-01-20,-142.767920196759,-54.3341634189032
2021-01-21,-147.853092303241,-57.6936859443801
2021-01-22,-147.962148321759,-56.971413863109
2021-01-23,-153.438183101852,-62.2768656481481
2021-01-24,-158.238731423611,-66.137061712963
2021-01-25,-151.035312647754,-57.9373245599051
2021-01-26,-133.57846797654,-38.5853969053942
2021-01-27,-134.56445387931,-37.5335110907895
2021-01-28,-149.308385011574,-55.7861465908565
2021-01-29,-161.951121643519,-70.0107270543981
2021-01-30,-156.159008622685,-61.1385877135417
2021-01-31,-138.334369675926,-40.7411811470828
2021-02-01,-129.469679571759,-33.224209619822
2021-02-02,-132.361006655093,-35.3521229587383
2021-02-03,-133.517015151515,-39.5638203317992
2021-02-04,-141.185640972222,-47.1902760659211
2021-02-05,-133.553083333333,-37.0250784828857
2021-02-06,-140.532236347518,-42.2773269661058
2021-02-07,-136.180554373522,-38.71717745
2021-02-08,-153.8734859375,-56.6299192353694
2021-02-09,-144.339374417249,-44.0426591340789
2021-02-10,-146.286180266204,-46.9140938237406
2021-02-11,-136.586255399061,-35.7782661251314
2021-02-12,-142.096131205674,-41.7095060363899
2021-02-13,-145.131224768519,-45.3918866264706
2021-02-14,-144.334758628842,-49.1599295221948
2021-02-15,-132.728657941701,-35.8950022902424
2021-02-16,-128.586398213222,-29.8348949737406
2021-02-17,-130.965995104895,-35.1247391259791
2021-02-18,-122.3382140625,-30.8868039375
2021-02-19,-118.937797785548,-25.0532448494915
2021-02-20,-128.457838136574,-35.5631335512227
2021-02-21,-134.417986111111,-40.7263870387648
2021-02-22,-128.806388946759,-35.4568921515313
2021-02-23,-125.740564102564,-32.0189555136059
2021-02-24,-132.335773776224,-40.098543526492
2021-02-25,-132.659161744186,-38.3462915039817
2021-02-26,-129.901280787037,-37.6802571656385
2021-02-27,-119.549379513889,-25.5804320136719
2021-02-28,-120.982979166667,-29.4256147220052
2021-03-01,-120.950020659722,-27.7197327003552
2021-03-02,-136.958076535342,-40.1474859452761
2021-03-03,-150.181662152778,-63.0957736593137
2021-03-04,-149.0846484375,-65.7949573180147
2021-03-05,-155.156081076389,-73.1329078247549
2021-03-06,-150.311733741259,-64.7944947407407
2021-03-07,-150.106697048611,-62.7079898553922
2021-03-08,-151.497991724537,-62.4666389822917
2021-03-09,-146.843782638889,-59.0349714030694
2021-03-10,-147.979842488263,-64.4855789888199
2021-03-11,-140.081229812207,-61.2574525458462
2021-03-12,-145.497853645833,-72.7675093731343
2021-03-13,-146.830305208333,-74.7085619133574
2021-03-14,-140.569767693237,-63.4177017322335
2021-03-15,-145.435458806147,-66.6502289481898
2021-03-16,-143.132161863426,-66.2366061703431
2021-03-17,-140.671842071759,-63.211553734139
2021-03-18,-123.242736111111,-41.6119338669065
2021-03-19,-143.902340046296,-63.0535631302774
2021-03-20,-132.308320601852,-44.8437864676617
2021-03-21,-122.329385955711,-34.010091197157
2021-03-22,-128.974912905093,-45.3467193976758
2021-03-23,-137.383804047619,-57.9058283019219
2021-03-24,-118.973599406176,-51.8632441756159
2021-03-25,-132.319168869048,-68.8458308149911
2021-03-26,-143.37381230303,-86.5650183040936
2021-03-27,-153.868168198529,-99.5565464699074
2021-03-28,-145.406516503667,-88.985849537037
2021-03-29,-155.401081433824,-99.2659557937428
2021-03-30,-154.118073612824,-95.8087925428922
2021-03-31,-143.724794028032,-82.3687218859139
2021-04-01,-147.125510635697,-88.7378577777778
2021-04-02,-156.611559191176,-99.2202433333333
2021-04-03,-154.050040136476,-97.1145594459103
2021-04-04,-152.912006905055,-94.3506867375886
2021-04-05,-135.358686650485,-73.9527152061856
2021-04-06,-138.433655830816,-75.4190509191177
2021-04-07,-136.283019744836,-76.3213509194673
2021-04-08,-139.921729476248,-79.3572899149453
2021-04-09,-133.952334745763,-69.3796961147639
2021-04-10,-147.851707169118,-84.5304688668224
2021-04-11,-144.565096997549,-81.772182613838
2021-04-12,-128.357427512255,-64.9634505528255
2021-04-13,-151.090969791667,-86.7697636363636
2021-04-14,-145.064983455882,-78.3226754137116
2021-04-15,-149.307274816176,-85.4742472909305
2021-04-16,-158.695868872549,-91.6005097800926
2021-04-17,-158.680354289216,-97.9269227214377
2021-04-18,-158.091717585784,-98.5694682942708
2021-04-19,-156.693359191176,-95.4123854557208
2021-04-20,-156.45261629902,-95.15255234375
2021-04-21,-154.781326601586,-92.3069247862694
2021-04-22,-159.194078370098,-93.184108203125
2021-04-23,-158.003171017157,-91.4164852213542
2021-04-24,-156.640454595588,-89.9998434244792
2021-04-25,-152.502679047037,-85.9552822265625
2021-04-26,-156.959306004902,-91.3604199869792
2021-04-27,-155.782768765281,-87.6945624108879
2021-04-28,-155.793931782477,-83.4870055363749
2021-04-29,-155.358149449878,-82.5624852403011
2021-04-30,-157.526596888347,-85.3022788392857
2021-05-01,-160.341613419118,-86.0861928518057
2021-05-02,-159.222334742647,-91.9982631439894
2021-05-03,-159.004619914216,-92.3291200520833
2021-05-04,-155.296577087142,-84.6658471768489
2021-05-05,-160.241636363636,-65.8881938765089
2021-05-06,-164.161859684274,-71.825582158322
2021-05-07,-162.887643293413,-63.3237251801242
2021-05-08,-162.619712678571,-72.1855492838542
2021-05-09,-162.596297678571,-61.1258286666667
2021-05-10,-158.470028089888,-52.5246530032218
2021-05-11,-161.686117738095,-66.4785440531561
2021-05-12,-162.75751,-68.3778321428571
2021-05-13,-161.604732818074,-60.6607051877133
2021-05-14,-157.07270956057,-50.5872236986301
2021-05-15,-148.876491686461,-36.2220053701211
2021-05-16,-148.74433327381,-31.6533576412869
2021-05-17,-147.737564387634,-26.8852614964947
2021-05-18,-147.282391904762,-24.1745193315842
2021-05-19,-148.716506322506,-7.31027116917293
2021-05-20,-148.887358506944,-10.1758574019219
2021-05-21,-150.101483912037,-2.10249171266376
2021-05-22,-148.913742650463,-12.4273852239145
2021-05-23,-150.049482581019,-23.9420235625
2021-05-24,-153.789408391204,-20.4415614045934
2021-05-25,-153.311581539352,-20.5691945683462
2021-05-26,-148.719797511574,-28.1626354108796
2021-05-27,-145.139262056944,-30.4433954976852
2021-05-28,-151.073467941176,-31.0810253472222
2021-05-29,-137.512952777778,-9.70512808568866
2021-05-30,-142.657509032258,-4.26741062615741
2021-05-31,-147.860155833333,-3.72672938687575
2021-06-01,-147.430497559524,-10.9480913094363
2021-06-02,-147.733120892857,-17.1368539564179
2021-06-03,-143.009886011905,-23.8344720486111
2021-06-04,-146.548590119048,-42.6233391724537
2021-06-05,-148.27491577381,-45.5959775694444
2021-06-06,-147.746143511905,-44.9413480555556
2021-06-07,-148.897557916667,-49.3785637673611
2021-06-08,-148.735846190476,-50.9563486921296
2021-06-09,-145.636915535714,-46.9212007638889
2021-06-10,-142.068177380952,-42.1045998321759
2021-06-11,-134.306355,-40.7221504979496
2021-06-12,-142.16391922619,-53.2133873476495
2021-06-13,-141.574522440476,-55.0201504950495
2021-06-14,-145.447223690476,-62.7406668402778
2021-06-15,-147.087848630952,-67.6692902085747
2021-06-16,-154.335253690476,-79.3324193865741
2021-06-17,-155.4097575,-81.8273854166667
2021-06-18,-153.893978511905,-81.4039152777778
2021-06-19,-155.617332181168,-86.1550641782407
2021-06-20,-151.881879404762,-83.1803960069444
2021-06-21,-155.522621666667,-89.1407379050926
2021-06-22,-142.734283095238,-74.4949837384259
2021-06-23,-154.31683797619,-86.6029800925926
2021-06-24,-158.246882380952,-91.9604361689815
2021-06-25,-156.715166964286,-90.9086777777778
2021-06-26,-154.999010059524,-91.5012246527778
2021-06-27,-154.401623988095,-92.6519202546296
2021-06-28,-155.221663251936,-95.2019469907407
2021-06-29,-156.466320892857,-99.1944086226852
2021-06-30,-155.908132202381,-103.328694903339
2021-07-01,-153.864965654762,-103.845119941349
2021-07-02,-147.3996625,-97.4018418798334
2021-07-03,-156.039153511905,-107.54425085244
2021-07-04,-156.06503797619,-108.224951612903
2021-07-05,-157.374294520548,-110.239502083333
2021-07-06,-155.727021845238,-110.683730457441
2021-07-07,-155.176195830852,-113.690016530374
2021-07-08,-155.271520297619,-117.660971631206
2021-07-09,-150.951969285714,-114.29813321492
2021-07-10,-153.57900547619,-117.282119941176
2021-07-11,-156.867920238095,-118.512777170036
2021-07-12,-157.222044880952,-119.130889530042
2021-07-13,-157.20469797619,-119.778144096812
2021-07-14,-157.65258202381,-121.10512827381
2021-07-15,-156.471566607143,-119.268226190476
2021-07-16,-155.808380357143,-119.469431788473
2021-07-17,-154.939441607143,-120.164130636526
2021-07-18,-154.237801904762,-117.979102321429
2021-07-19,-156.86179875,-119.897702678571
2021-07-20,-154.573226904762,-118.185393869048
2021-07-21,-149.211353988095,-114.607634066587
2021-07-22,-149.920733630952,-114.541782380952
2021-07-23,-148.40187047619,-111.657667321429
2021-07-24,-146.742864166667,-110.158765949821
2021-07-25,-138.960524404762,-105.052737202381
2021-07-26,-139.618685297619,-107.582122967359
2021-07-27,-142.295728214286,-111.132552437574
2021-07-28,-141.5088625,-108.201642409923
2021-07-29,-139.920371488095,-109.190446468843
2021-07-30,-139.697089761905,-107.921788586327
2021-07-31,-139.959203361858,-112.424049763314
2021-08-01,-129.835849403341,-101.548140654762
2021-08-02,-132.680390479078,-105.469532321429
2021-08-03,-132.795598766194,-106.459745952381
2021-08-04,-133.832065761875,-107.203070297619
2021-08-05,-133.17054191764,-106.398298571429
2021-08-06,-129.446687622549,-105.186623630952
2021-08-07,-130.352739022919,-103.887695654762
2021-08-08,-128.487222705018,-104.717226428571
2021-08-09,-131.852383485124,-107.338424851013
2021-08-10,-130.426438146811,-104.919946600234
2021-08-11,-130.063001684717,-111.782877504726
2021-08-12,-130.342646220037,-114.50066
2021-08-13,-131.401262631906,-117.306986409608
2021-08-14,-130.091662940462,-116.346002702703
2021-08-15,-133.723389357798,-119.698550674847
2021-08-16,-138.068056513648,-123.704602150538
2021-08-17,-135.020685048426,-120.438681708785
2021-08-18,-135.371388014528,-121.727574941176
2021-08-19,-134.619655259976,-124.965619047619
2021-08-20,-133.2596505689,-126.942609259259
2021-08-21,-131.51683723545,-129.128417361111
2021-08-22,-132.445181102362,-131.505753472222
2021-08-23,-135.805107775653,-134.135757581019
2021-08-24,-139.074529703608,-139.604041956019
2021-08-25,-139.633625718016,-140.477307598608
2021-08-26,-139.303806751825,-138.171046818727
2021-08-27,-139.513648184615,-139.57190720339
2021-08-28,-139.1919588839,-141.613127164887
2021-08-29,-142.479372709552,-145.689870249406
2021-08-30,-140.574132365931,-145.100835185185
2021-08-31,-138.554910774194,-144.532643478261
2021-09-01,-138.005334590793,-144.638548508353
2021-09-02,-138.31165193299,-144.634872169811
2021-09-03,-138.971636118421,-143.836778554361
2021-09-04,-137.283272955145,-141.872355023923
2021-09-05,-136.001292782835,-141.756710416667
2021-09-06,-136.416317914267,-144.177248
2021-09-07,-138.986230053191,-146.142308383234
2021-09-08,-137.894192395437,-149.241430104408
2021-09-09,-135.283255790785,-144.854892650463
2021-09-10,-137.090202860776,-145.523206597222
2021-09-11,-139.584073286355,-146.637847858796
2021-09-12,-138.052775460903,-146.098105439815
2021-09-13,-137.88623910828,-147.70745775463
2021-09-14,-136.889700695322,-147.834157060185
2021-09-15,-138.59177934302,-149.705713252315
2021-09-16,-135.834081554011,-147.803732638889
2021-09-17,-137.890469823232,-149.641484606481
2021-09-18,-139.812597473152,-150.804427546296
2021-09-19,-142.160689059501,-152.148892708333
2021-09-20,-144.78588685567,-152.563012731481
2021-09-21,-141.964053656958,-149.809080266204
2021-09-22,-136.091433556231,-142.587287268519
2021-09-23,-139.19872952381,-143.765531770833
2021-09-24,-136.135935987842,-139.79616099537
2021-09-25,-135.444141281577,-137.926420023148
2021-09-26,-136.637848611968,-139.676375636574
2021-09-27,-138.069749384236,-140.480193460648
2021-09-28,-138.952980514706,-140.787839525463
2021-09-29,-142.692806207325,-146.10667505787
2021-09-30,-141.756780186335,-142.903915451389
2021-10-01,-143.97773221393,-144.60485462963
2021-10-02,-141.715591967621,-141.269999247685
2021-10-03,-142.267088895782,-141.324772048611
2021-10-04,-146.229891992551,-146.538529861111
2021-10-05,-145.224703705991,-144.781353125
2021-10-06,-144.379415992647,-141.796351967593
2021-10-07,-149.664870281863,-146.207523090278
2021-10-08,-148.8331,-144.503106597222
2021-10-09,-149.226080147059,-144.218016782407
2021-10-10,-142.688608639706,-136.821011747685
2021-10-11,-142.521858884804,-136.070602025463
2021-10-12,-142.746067034314,-135.14726255787
2021-10-13,-143.482883088235,-135.820359548611
2021-10-14,-144.842036948529,-136.462711458333
2021-10-15,-142.766886580882,-133.523018055556
2021-10-16,-125.314862928922,-117.0384578125
2021-10-17,-136.391496078431,-126.193157696759
2021-10-18,-136.834039276961,-125.135377662037
2021-10-19,-137.009390257353,-124.346992708333
2021-10-20,-136.304440563725,-124.085776967593
2021-10-21,-136.358041176471,-124.106146701389
2021-10-22,-145.442544607843,-133.000458333333
2021-10-23,-145.820956433824,-131.892624074074
2021-10-24,-150.067157291667,-134.380757986111
2021-10-25,-137.848677083333,-121.78605150463
2021-10-26,-145.714510845588,-129.416705729167
2021-10-27,-149.900847242647,-131.893978703704
2021-10-28,-129.213873284314,-110.923671990741
2021-10-29,-124.176520588235,-106.517541077844
2021-10-30,-124.048828063725,-106.629447673716
2021-10-31,-124.196164522059,-105.770731820896
2021-11-01,-123.239284068627,-104.317676301286
2021-11-02,-123.534857843137,-102.337759068627
2021-11-03,-137.395311519608,-108.355423076923
2021-11-04,-155.604771490148,-123.724049342105
2021-11-05,-149.499071813725,-116.755983095238
2021-11-06,-151.132434294479,-116.044891255205
2021-11-07,-151.791733478803,-116.490552587244
2021-11-08,-161.068033888889,-126.087616069295
2021-11-09,-160.265894485294,-124.054756664709
2021-11-10,-170.439737254902,-133.054094849537
2021-11-11,-173.455591666667,-134.455104456019
2021-11-12,-158.401124877451,-124.985178971963
2021-11-13,-165.931179289216,-130.098670303384
2021-11-14,-174.661153186275,-132.918817939815
2021-11-15,-174.792198641975,-131.729084353147
2021-11-16,-180.412858145363,-138.32625894208
2021-11-17,-169.378561111111,-125.452435885781
2021-11-18,-167.709847365196,-126.138869056713
2021-11-19,-174.083489691358,-132.274019230769
2021-11-20,-170.598278431373,-125.685703935185
2021-11-21,-167.291516237745,-120.731624594907
2021-11-22,-163.655777306273,-118.653385358796
2021-11-23,-172.201537931034,-126.429079166667
2021-11-24,-166.399002316602,-115.170172395833
2021-11-25,-167.637666472868,-117.696562239583
2021-11-26,-160.254381430364,-111.215747202103
2021-11-27,-173.427035761155,-123.23831981352
2021-11-28,-176.078598502604,-126.189401041667
2021-11-29,-172.076614889467,-123.044142708333
2021-11-30,-174.309651837524,-120.972907558275
2021-12-01,-170.241044766709,-114.862790642361
2021-12-02,-168.173878791615,-112.223942685185
2021-12-03,-171.257327875,-115.765767418981
2021-12-04,-175.135063339495,-115.07179046875
2021-12-05,-172.512344670364,-107.547522135417
2021-12-06,-170.776241482843,-107.685225023148
2021-12-07,-174.818768933824,-110.166436332828
2021-12-08,-178.399652839506,-125.493341666667
2021-12-09,-171.899419444444,-117.210963333333
2021-12-10,-170.259429044118,-116.169839460784
2021-12-11,-155.703613797314,-105.07263939951
2021-12-12,-160.775070924574,-110.06157064951
2021-12-13,-157.691115221346,-100.544870526316
2021-12-14,-140.490688095238,-80.9597143308081
2021-12-15,-141.587611136891,-76.0716470515971
2021-12-16,-154.819339166667,-90.5350411805556
2021-12-17,-144.010500636574,-82.5075161151961
2021-12-18,-145.081524421296,-86.2027735294118
2021-12-19,-147.041657284382,-87.4763652469136
2021-12-20,-143.396522974537,-75.4377327696078
2021-12-21,-154.934216389549,-88.3929449080882
2021-12-22,-132.59520584275,-1.80194578292114
2021-12-23,-138.216859785703,-41.8326440323735
2021-12-24,-140.236033547794,-44.0803109247345
2021-12-25,-128.874714025005,-34.5071612168097
2021-12-26,-109.215893276025,-10.9919176974817
2021-12-27,-106.436699399657,-6.52127993172445
2021-12-28,-125.41727817279,-32.3166277364175
2021-12-29,-126.062869345238,-34.1560397610294
2022-01-01,-105.832700794375,-3.70080352471535
2022-01-02,-105.491713435972,-8.25769934347345
2022-01-03,-106.961761177849,-9.9970144531792
2022-01-04,-107.275261552058,-2.81385703529075
2022-01-05,-104.80826104937,1.67911141976705
2022-01-06,-103.415151063485,1.651748810148
2022-01-07,-104.436953518696,-4.8026009124961
2022-01-08,-105.374952848608,-4.21297398141195
2022-01-09,-103.690334935585,0.0115096023429508
2022-01-10,-105.521508840913,-2.68894604210185
2022-01-11,-110.055928220046,-5.20875401938155
2022-01-12,-112.272581011112,-6.71832165029017
2022-01-13,-111.578454530121,-7.37552188260215
2022-01-14,-123.165660575483,-26.129040083912
2022-01-15,-144.25544724002,-54.7047736453455
2022-01-16,-130.756597787163,-35.9660027516746
2022-01-17,-99.8920998609397,5.43306423384545
2022-01-18,-101.953059741167,3.5388220249877
2022-01-19,-109.077970010741,-7.4104515240963
2022-01-20,-99.9675932894883,4.03223497042515
2022-01-21,-128.18488608163,-33.1974494370698
2022-01-22,-137.887021705143,-45.8359590987716
2022-01-23,-130.854265594024,-36.5062353310428
2022-01-24,-131.373533016226,-39.1760750520029
2022-01-25,-131.621895763455,-41.2045530729166
2022-01-26,-139.700669290951,-53.3317649880882
2022-01-27,-137.615761895104,-49.262481614693
2022-01-28,-129.146318980969,-37.1569390625406
2022-01-29,-118.633488327423,-21.9852591282506
2022-01-30,-131.398655513636,-40.5773841266935
2022-01-31,-131.350112847716,-41.3241442121717
2022-02-01,-131.530389487037,-41.49573045527
2022-02-02,-129.902709868288,-38.6961431079212
2022-02-03,-111.219831481743,-13.8630087066369
2022-02-04,-103.982844606372,-6.8146475607704
2022-02-05,-109.042431301069,-13.8204973474071
2022-02-06,-128.612350451229,-38.2574347595322
2022-02-07,-118.011817636545,-28.8007229958129
2022-02-08,-113.291378464415,-21.7721617799259
2022-02-09,-122.990460108929,-34.1651619158892
2022-02-10,-121.75364228236,-34.2201761166632
2022-02-11,-124.958422308079,-36.987901955593
2022-02-12,-130.891757400011,-46.8716621029405
2022-02-13,-122.301331861978,-34.4553994352088
2022-02-14,-128.423294187202,-40.2601793647298
2022-02-15,-134.695758830754,-45.6467087942627
2022-02-16,-132.299698028559,-45.2614900159847
2022-02-17,-128.662464481989,-42.025063955013
2022-02-18,-123.280672702206,-33.1047815074877
2022-02-19,-133.335265304015,-45.3281258475626
2022-02-20,-130.656379439929,-36.5934935979774
2022-02-21,-133.683259734017,-46.3151658102582
2022-02-22,-127.302195563218,-38.8760160784509
2022-02-23,-123.867533379612,-40.4632997578131
2022-02-24,-131.19138023845,-50.5740434659642
2022-02-25,-114.383115810177,-24.9135214257464
2022-02-26,-131.425124984228,-46.6397590665503
2022-02-27,-131.0124912156,-45.2965572771538
2022-02-28,-133.168512874471,-47.8407782624335
2022-03-01,-135.089219955215,-50.5920556059805
2022-03-02,-133.429991640026,-49.0161024456522
2022-03-03,-134.283617284982,-51.8811104389483
2022-03-04,-137.934939018378,-54.0101370077862
2022-03-05,-136.275597840293,-50.5193039156269
2022-03-06,-130.176519532557,-48.2880138238813
2022-03-07,-127.896609328204,-54.1873472844159
2022-03-08,-136.154077671771,-65.0194007842083
2022-03-09,-122.611655096344,-42.1119160467741
2022-03-10,-123.275862857434,-38.1723993933203
2022-03-11,-132.928727030724,-50.8270836625106
2022-03-12,-124.34031828774,-39.0301641583229
2022-03-13,-135.590163641164,-46.8407228720528
2022-03-14,-136.737609928132,-46.1894748991989
2022-03-15,-135.737130441468,-48.261550672312
2022-03-16,-135.402459153588,-51.7643894794008
2022-03-17,-115.779790608749,-29.6030464219367
2022-03-18,-110.408750469771,-25.2161469348622
2022-03-19,-123.041521062656,-46.5448667737
2022-03-20,-130.595360882435,-57.5976368138633
2022-03-21,-135.461905622964,-64.735443168392
2022-03-22,-135.019895907216,-67.0446696393459
2022-03-23,-131.085512694352,-64.9552114645629
2022-03-24,-76.9197842648881,-32.3769566463202
2022-03-25,-114.169406812358,-57.984325178913
2022-03-26,-137.01694288802,-75.4776051402652
2022-03-27,-138.324480986608,-73.4270971778685
2022-03-28,-134.516148466447,-65.934161026106
2022-03-29,-129.98034530829,-57.9735338412518
2022-03-30,-128.706472648904,-56.4517543995933
2022-03-31,-125.830229664405,-56.7001493467673
2022-04-01,-120.451546478232,-52.0985764904394
2022-04-02,-130.075000233614,-62.1526065050125
2022-04-03,-130.161168249215,-62.7620041642734
2022-04-04,-134.860094902145,-66.5322092623196
2022-04-05,-130.004296129638,-60.8530621138888
2022-04-06,-104.623303990663,-28.1316517608386
2022-04-07,-100.936045119261,-23.6490298336953
2022-04-08,-116.097041782408,-44.543402650463
2022-04-09,-121.060937413194,-51.7079662181713
2022-04-10,-133.805872750531,-68.4195532565449
2022-04-11,-131.847201988514,-64.4010478895833
2022-04-12,-131.923614292843,-66.9312189008027
2022-04-13,-130.540150547475,-65.0882730067673
2022-04-14,-129.14820504985,-68.1542587548647
2022-04-15,-133.49504034594,-69.7625773804755
2022-04-16,-132.246969900573,-66.5245362112124
2022-04-17,-129.496936255787,-62.6588703282463
2022-04-18,-128.681110420553,-57.4145905782532
2022-04-19,-119.870199479167,-43.6049195404115
2022-04-20,-134.62729426714,-63.3645054767427
2022-04-21,-133.84132523019,-66.3069348012187
2022-04-22,-132.230991140511,-65.8477987563837
2022-04-23,-133.753926016538,-68.086598362386
2022-04-24,-133.001700039777,-68.8245335343751
2022-04-25,-133.977766432563,-71.0961767095218
2022-04-26,-132.729661314839,-69.6416362683076
2022-04-27,-136.430478008161,-68.3651702096196
2022-04-28,-136.990556278358,-63.0575025173466
2022-04-29,-135.963766386985,-57.0072867998468
2022-04-30,-135.328362985689,-52.4817352899153
2022-05-01,-131.435549452203,-44.7845442721582
2022-05-02,-127.730606397929,-38.7880435634591
2022-05-03,-133.768648215888,-46.2747497578715
2022-05-04,-113.973086792786,-23.5553562615325
2022-05-05,-126.340280179398,-48.6687780352812
2022-05-06,-118.979992981531,-34.4434554034048
2022-05-07,-99.6130532301559,-12.9904701814867
2022-05-08,-120.155209895834,-33.4195021941103
2022-05-09,-102.577871419112,-0.924133846009696
2022-05-10,-95.1364170665184,-13.4796437585272
2022-05-11,-96.9089027777776,-18.4492826682019
2022-05-12,-96.8888980481963,-20.8479785769517
2022-05-13,-98.2893420522674,-28.5610778738072
2022-05-14,-100.100121554391,-30.4417600702816
2022-05-15,-105.629589135802,-41.9859939734011
2022-05-16,-103.216683057372,-42.3719997081812
2022-05-17,-119.576336168982,-61.7369493066523
2022-05-18,-133.874371597331,-74.8900377192002
2022-05-19,-126.068171209491,-72.4625944366203
2022-05-20,-130.536205009517,-78.9628848467237
2022-05-21,-133.736425247933,-84.929894080915
2022-05-22,-133.543656062182,-86.3926923585004
2022-05-23,-133.838363056219,-85.9942420083866
2022-05-24,-128.170079598908,-74.0120214115005
2022-05-25,-140.614262529976,-83.2943274395433
2022-05-26,-140.856365749672,-86.1320438529412
2022-05-27,-130.545858960942,-73.7338128696992
2022-05-28,-130.562780497166,-75.4730263092941
2022-05-29,-138.735424772173,-82.5049189240438
2022-05-30,-138.113639571589,-81.4545508456825
2022-05-31,-138.700853110298,-81.737432688994
2022-06-01,-139.687169826418,-84.7973831729809
2022-06-02,-128.610764157325,-72.9432555175495
2022-06-03,-133.575936313657,-79.5178108247263
2022-06-04,-142.05939847862,-87.9505878552632
2022-06-05,-145.788241103643,-88.1582206399154
2022-06-06,-144.73636889139,-83.0816902305172
2022-06-07,-139.448257088554,-79.5249990758679
2022-06-08,-122.210019829984,-60.8058308944142
2022-06-09,-134.004105792617,-76.5317874660037
2022-06-10,-142.603537057534,-86.7530987366102
2022-06-11,-143.857110444173,-83.3396473098636
2022-06-12,-140.103935429695,-75.4416580434828
2022-06-13,-143.520337663535,-80.1196332837819
2022-06-14,-139.376165066674,-73.7975338533845
2022-06-15,-145.818844814364,-71.0855337603219
2022-06-16,-132.154378606437,-58.5001292034216
2022-06-17,-130.816612620286,-59.3350705037057
2022-06-18,-145.726718964947,-74.757218904914
2022-06-19,-152.503180383019,-76.7008412435181
2022-06-20,-152.140281036487,-68.8627992390382
2022-06-21,-152.6397982754,-73.73635888974
2022-06-22,-149.049391643869,-71.9102837361981
2022-06-23,-131.131018265699,-59.984351012568
2022-06-24,-138.124025694444,-62.8183936099823
2022-06-25,-143.905138718098,-63.182650799823
2022-06-26,-147.861071981339,-69.7535384698668
2022-06-27,-144.143360022126,-73.3277089600716
2022-06-28,-148.436580547307,-75.4508986392761
2022-06-29,-150.063646342854,-73.0429510500254
2022-06-30,-146.673817001424,-69.2890365157038
2022-07-01,-144.834396591503,-71.0816622229462
2022-07-02,-144.826223706146,-70.763935203611
2022-07-03,-136.610013256991,-68.9004382626699
2022-07-04,-146.32706934914,-76.1401268812132
2022-07-05,-138.113829395986,-64.9895695146063
2022-07-06,-130.958071623454,-57.3310434703466
2022-07-07,-134.457529499729,-62.0844866398484
2022-07-08,-142.719728413906,-70.3437242458162
2022-07-09,-121.588324368624,-48.7751968631172
2022-07-10,-130.321325774692,-53.2223089827721
2022-07-11,-138.051539437979,-64.312084895561
2022-07-12,-133.358651834605,-59.8614924984064
2022-07-13,-135.532941456501,-62.611942623521
2022-07-14,-141.563846265946,-67.2323471052915
2022-07-15,-142.285926806715,-65.9430908541279
2022-07-16,-133.791805714264,-53.9025852849352
2022-07-17,-124.536981125537,-42.4847088816454
2022-07-18,-133.272551368866,-51.2553573284179
2022-07-19,-137.996816179614,-60.1614550510869
2022-07-20,-139.475830717751,-48.3665886205624
2022-07-21,-134.961064261082,-51.0505391400813
2022-07-22,-133.925403885442,-63.1661394309634
2022-07-23,-142.016938531281,-77.1660526506585
2022-07-24,-144.334189685847,-68.9301837100039
2022-07-25,-139.545899506209,-65.8562641699724
2022-07-26,-136.947055762543,-67.7606703020296
2022-07-27,-144.077879567221,-77.7694100312734
2022-07-28,-139.751904080731,-70.5034270849729
2022-07-29,-134.809229320385,-73.558555209625
2022-07-30,-143.803123414434,-84.269606590208
2022-07-31,-143.195803215215,-73.8634244482637
2022-08-01,-140.232720128428,-68.6629524358579
2022-08-02,-143.496529243702,-80.8355800574049
2022-08-03,-146.525018063588,-85.4217783837128
2022-08-04,-143.950005951722,-69.8522791796815
2022-08-05,-130.800469076922,-61.9814305234918
2022-08-06,-135.807080872502,-75.6211557929433
2022-08-07,-145.174723496503,-89.2885162011989
2022-08-08,-144.556439835207,-90.2945976337639
2022-08-09,-145.294812388288,-82.4516017757989
2022-08-10,-142.942662426627,-72.9618919265197
2022-08-11,-139.652340356944,-73.0895362971168
2022-08-12,-149.678675058005,-83.6594942094646
2022-08-13,-151.201747747561,-74.5764356673583
2022-08-14,-148.569300044585,-79.5746854995243
2022-08-15,-142.325221152878,-74.5958819716544
2022-08-16,-146.984505128624,-84.9292878307056
2022-08-17,-139.770810639583,-82.2408113683758
2022-08-18,-123.476829822656,-65.4360799625896
2022-08-19,-134.488806684028,-73.9063137812282
2022-08-20,-141.28433331385,-85.2155878563404
2022-08-21,-138.498129535512,-81.5732102313559
2022-08-22,-128.471703299021,-71.5987960525676
2022-08-23,-135.744160378112,-79.9003784973965
2022-08-24,-137.750737941353,-82.8423078742377
2022-08-25,-138.661207813277,-83.3889073466732
2022-08-26,-137.194228225573,-83.3836633296116
2022-08-27,-138.938558599647,-81.5560439107836
2022-08-28,-139.398657925444,-73.7022951231902
2022-08-29,-140.108341201988,-69.1119335493495
2022-08-30,-140.224620419351,-84.4208372548435
2022-08-31,-144.084376873958,-88.1776894204991
2022-09-01,-144.262505993947,-86.4707263199008
2022-09-02,-144.773830982575,-84.9839412694633
2022-09-03,-144.562887007611,-82.1624234990217
2022-09-04,-143.657864620668,-79.6431428791212
2022-09-05,-143.279251571697,-80.5905328661729
2022-09-06,-137.96529047932,-75.5711900023094
2022-09-07,-139.819681096919,-77.4268426424845
2022-09-08,-123.427730469694,-52.8919744126744
2022-09-09,-117.694484251419,-53.1968365415253
2022-09-10,-116.404529766423,-60.4592075780451
2022-09-11,-116.702418085106,-62.908130781795
2022-09-12,-114.179400324992,-64.1891799056167
2022-09-13,-121.738509942108,-73.56673976046
2022-09-14,-122.805705873975,-68.5513193599997
2022-09-15,-125.88728751809,-72.901220626493
2022-09-16,-127.864033150938,-74.0859933077319
2022-09-17,-127.161100121698,-74.0205633404783
2022-09-18,-130.57372474714,-77.5153595796583
2022-09-19,-126.520841262376,-74.6877106962333
2022-09-20,-127.13110671276,-70.2876971968282
2022-09-21,-129.476950623313,-74.3382308623237
2022-09-22,-115.327624944798,-64.6771222847617
2022-09-23,-129.025547551112,-75.1551285402811
2022-09-24,-129.37720486658,-74.2780957599755
2022-09-25,-123.739205349386,-67.9930580282219
2022-09-26,-126.284606455129,-70.4842563330496
2022-09-27,-137.346419211618,-81.969785523747
2022-09-28,-140.26131276146,-82.9608466583732
2022-09-29,-145.102526258482,-88.1733311020833
2022-09-30,-142.221959160441,-83.0745159753785
2022-10-01,-108.370324386919,-50.1331341278478
2022-10-02,-104.567313386778,-49.7023546303346
2022-10-03,-105.719804001796,-47.7741178933721
2022-10-04,-99.9719751757098,-41.2504983810196
2022-10-05,-97.6873746111106,-40.803589942518
2022-10-06,-106.379600614949,-50.7538050878209
2022-10-07,-110.40050343317,-56.4639393636766
2022-10-08,-126.002697363467,-72.8146746856965
2022-10-09,-113.696173853529,-58.037618494424
2022-10-10,-107.396539526983,-50.797884172177
2022-10-11,-106.798951125828,-49.6828190515849
2022-10-12,-107.416716118307,-50.9084820955783
2022-10-13,-95.3472995506561,-40.2624310752331
2022-10-14,-100.909756850999,-47.6551193068168
2022-10-15,-107.738055006551,-53.8857184138008
2022-10-16,-109.677336623278,-57.2999883943586
2022-10-17,-106.101542441685,-53.4429932774263
2022-10-18,-110.140009523258,-57.4321826563074
2022-10-19,-93.8585954,-37.8223169918198
2022-10-20,-90.6407346630784,-34.1168844331157
2022-10-21,-90.8275610082792,-32.5883298835806
2022-10-22,-91.0374606728393,-32.5462276652878
2022-10-23,-87.2504440575727,-27.0090311295489
2022-10-24,-72.4549811717388,-14.4059017142432
2022-10-25,-94.6672082730992,-37.4057801483034
2022-10-26,-98.2585823596218,-40.8946488936251
2022-10-27,-108.956227486994,-51.1679149905075
2022-10-28,-109.420419733887,-48.7301290223766
2022-10-29,-107.738350744149,-48.106120652287
2022-10-30,-109.671964321701,-45.5622876995403
2022-10-31,-99.1253580696305,-36.3247324617142
2022-11-01,-91.3614985585704,-30.341067445457
2022-11-02,-100.840323673778,-41.0103386467487
2022-11-03,-100.080118220051,-38.5396721188028
2022-11-04,-101.821431998653,-37.009861326009
2022-11-05,-100.434577984337,-36.2413935113143
2022-11-06,-104.10128946701,-41.2100691516453
2022-11-07,-106.151350397792,-44.0046864976519
2022-11-08,-111.760266652963,-49.0116405936354
2022-11-09,-110.041382224035,-46.5684878847536
2022-11-10,-106.43825728898,-40.511677246849
2022-11-11,-95.2836271028654,-24.5296775445856
2022-11-12,-79.7263642369416,-6.84488140450375
2022-11-13,-95.9202591899885,-29.0074436345942
2022-11-14,-96.878225670059,-23.86820792674
2022-11-15,-84.7624484862076,-4.95102534118098
2022-11-16,-89.4705945891981,-7.59043388222761
2022-11-17,-104.872151827322,-17.6750658031435
2022-11-18,-102.575832283404,-21.1852368323886
2022-11-19,-104.298131359844,-23.1859851553585
2022-11-20,-103.624236338654,-19.8303341217112
2022-11-21,-104.162996237021,-27.2321453609943
2022-11-22,-115.572376937609,-31.0738497458657
2022-11-23,-129.054591726233,-32.7556804042665
2022-11-24,-128.611160188991,-30.0644576753714
2022-11-25,-116.037727934817,-7.21876615006825
2022-11-26,-125.303184468224,-16.3824381434736
2022-11-27,-119.817823864993,-10.0861602304863
2022-11-28,-118.34731223865,-21.6189248101887
2022-11-29,-126.617190005265,-26.9448385404764
2022-11-30,-117.579082919123,-68.1337537685827
2022-12-01,-119.810402662037,-63.6795589822311
2022-12-02,-122.193423943222,-65.3339889587228
2022-12-03,-115.422181510417,-62.1703039945176
2022-12-04,-113.268005931713,-73.112890858073
2022-12-05,-117.895440089699,-73.7870404500087
2022-12-06,-112.044876967593,-63.203891102329
2022-12-07,-109.342878327547,-66.8810530014605
2022-12-08,-106.61746964699,-63.9047122539858
2022-12-09,-112.767542722801,-73.5610853997396
2022-12-10,-109.861999233217,-64.347668139323
2022-12-11,-108.149421860532,-63.1827429231771
2022-12-12,-94.7104189959492,-48.2341211298716
2022-12-13,-97.7599815682871,-50.4379626960467
2022-12-14,-98.6573227129285,-29.0996705767237
2022-12-15,-91.9690033647489,-17.1264046844222
2022-12-16,-88.0754841145834,-22.469732732426
2022-12-17,-90.6876218605324,-26.2336849721726
2022-12-18,-90.0328154538255,-14.0245580508073
2022-12-19,-98.8343330439815,-26.2580248638851
2022-12-20,-99.2626260850693,-18.2468845934311
2022-12-21,-99.9212360966435,-16.4069202956937
2022-12-22,-89.7760021412037,-2.89421956188925
2022-12-23,-88.4515165943287,-6.25441715725825
2022-12-24,-99.3424089120373,-16.9999659367815
2022-12-25,-98.551680859375,-14.162150801084
2022-12-26,-91.9275209780093,-5.81570410447505
2022-12-27,-86.0113905815972,0.368482332099749
2022-12-28,-89.1275600983797,-17.8156102905539
2022-12-29,-89.7278518952546,-25.075918516696
2022-12-30,-93.0888465711806,-26.4822120357677
2022-12-31,-85.2219281105324,-15.7881572428519
2023-01-01,-81.8087103751516,-11.9458785244179
2023-01-02,-86.3997048032408,-3.15667111626395
2023-01-03,-97.4342538339121,-15.2298742216994
2023-01-04,-98.460944921875,-10.9900108444588
2023-01-05,-100.06000240162,0.5280400921039
2023-01-06,-106.228897149884,-9.171283235877
2023-01-07,-112.991357826968,-8.8938370778961
2023-01-08,-110.65911009838,-4.61995884738205
2023-01-09,-112.898899725115,-6.41955274305555
2023-01-10,-113.81508953993,-5.4824528594551
2023-01-11,-118.648064351852,-3.5333190138524
2023-01-12,-103.438050795718,-2.35932354695575
2023-01-13,-99.4533439959489,6.5607714596749
2023-01-14,-108.690018795931,5.97796597625005
2023-01-15,-120.023662731481,3.5183110101273
2023-01-16,-117.315651880787,8.4817750903396
2023-01-17,-107.084402387152,11.8954709339858
2023-01-18,-98.6101161892362,12.689374817553
2023-01-19,-98.639362380848,12.8647531472607
2023-01-20,-90.2622127213541,15.2976761272403
2023-01-21,-100.664842034783,8.32100864969895
2023-01-22,-91.5056518373842,9.14577783279235
2023-01-23,-87.012467578125,11.4673797846644
2023-01-24,-92.1339235362451,18.1242099201921
2023-01-25,-88.0877644583055,33.8814283943826
2023-01-26,-86.1942919849537,30.4961313995165
2023-01-27,-90.315010546875,28.4976669854462
2023-01-28,-98.0814730468748,31.1195189754338
2023-01-29,-94.1992057581019,32.1333181767035
2023-01-30,-99.6797224103007,28.211048038012
2023-01-31,-89.038201080257,41.1645868992411
2023-02-01,-87.3803048032407,38.7026218519775
2023-02-02,-96.1561828559028,38.65298474707
2023-02-03,-111.840091941551,32.790924720262
2023-02-04,-119.247825839121,12.2830467633102
2023-02-05,-114.812784259259,18.4960347900381
2023-02-06,-115.072187008102,16.0503616568076
2023-02-07,-118.244285445602,33.5861783309416
2023-02-08,-118.448151461227,21.7302644376669
2023-02-09,-116.29270348669,18.4272595203949
2023-02-10,-115.278493156829,19.0000192291275
2023-02-11,-120.771238194444,8.85359186600805
2023-02-12,-101.919256357527,26.7960503696631
2023-02-13,-95.2509986882511,31.6104830042558
2023-02-14,-109.69848004919,20.7005610556582
2023-02-15,-110.103847916667,11.3772068666055
2023-02-16,-111.43279910301,11.6012174878279
2023-02-17,-97.4888776041668,19.8104569795266
2023-02-18,-103.068772887732,12.5870245373001
2023-02-19,-112.472146252894,-0.577275204642447
2023-02-20,-112.858510966435,-8.58325919751405
2023-02-21,-116.017500564236,-18.9033682874309
2023-02-22,-116.048638281677,-18.137245367935
2023-02-23,-116.754400593171,-19.9452098606074
2023-02-24,-119.835014048032,-29.187029090355
2023-02-25,-118.531228296905,-19.9347540441225
2023-02-26,-108.776044782735,-7.104554644569
2023-02-27,-119.793511574075,-21.3595363463182
2023-02-28,-108.638654571759,-24.8620697904623
2023-03-01,-103.701276736112,-17.0044488477379
2023-03-02,-102.269630685764,-1.99105765839625
2023-03-03,-104.478767983218,0.346940241624601
2023-03-04,-89.5764028790507,6.48120247151765
2023-03-05,-96.2060975033236,2.11842349163955
2023-03-06,-106.964993214699,-13.4855432364271
2023-03-07,-117.714053862847,-28.0804310989564
2023-03-08,-120.470216887391,-7.77266182345015
2023-03-09,-118.936832002315,2.5305296874174
2023-03-10,-108.711654904514,0.620337032505251
2023-03-11,-100.595345023148,-0.829524021306799
2023-03-12,-101.888366862923,8.86842920336385
2023-03-13,-87.7128546006944,20.0134183513775
2023-03-14,-94.9216823206017,20.5881160854301
2023-03-15,-115.45397746014,1.344840791079
2023-03-16,-115.347405975115,4.69883382557155
2023-03-17,-111.914291198772,16.2392347564252
2023-03-18,-118.943340219907,-8.05253818859585
2023-03-19,-127.796702170139,0.4327271774374
2023-03-20,-125.661288107639,0.215542794337253
2023-03-21,-124.303763729745,0.0875905144410005
2023-03-22,-124.133392679398,-18.6400365653969
2023-03-23,-119.744274710648,-13.61208662357
2023-03-24,-106.286272974537,-12.6751488611227
2023-03-25,-96.6063528211805,-4.0453063986711
2023-03-26,-109.508091927083,-20.7160511963742
2023-03-27,-119.606951822916,-29.4623711957062
2023-03-28,-123.30444134838,-35.2921770371805
2023-03-29,-128.85278582176,-41.2513927409993
2023-03-30,-124.428388208912,-54.79047767937
2023-03-31,-123.074025651041,-49.7377073385017
2023-04-01,-118.436793243634,-43.9433377474073
2023-04-02,-126.774554513889,-58.44717583545
2023-04-03,-123.722966521991,-57.8482883629406
2023-04-04,-123.326112109375,-46.2198112441832
2023-04-05,-123.712358579282,-69.8755649716706
2023-04-06,-122.721240625,-67.0452906317674
2023-04-07,-121.225558666088,-69.8498127736746
2023-04-08,-127.865991521991,-79.4457977125421
2023-04-09,-130.252908275463,-86.0283027873719
2023-04-10,-129.971913744213,-86.7563827962726
2023-04-11,-129.573662948495,-86.7303107119549
2023-04-12,-127.488685850695,-86.1053272319229
2023-04-13,-123.830366276042,-80.430351338141
2023-04-14,-123.83410859375,-78.1598070609285
2023-04-15,-116.671533246528,-69.094975393078
2023-04-16,-121.751258984375,-74.8711052068746
2023-04-17,-128.502076085069,-83.8999548048191
2023-04-18,-128.088537456597,-81.4596481221889
2023-04-19,-126.641934873515,-89.3904845333014
2023-04-20,-130.382463284005,-93.3078757244137
2023-04-21,-131.843913368055,-95.8819319256457
2023-04-22,-130.538834866898,-87.4510293452583
2023-04-23,-130.919125354966,-71.2283168854715
2023-04-24,-134.090800178543,-95.7029846229167
2023-04-25,-134.239391280965,-92.776229218723
2023-04-26,-133.329199956597,-92.3642558342559
2023-04-27,-138.092954600694,-99.1927015634586
2023-04-28,-130.305925491899,-79.5765640161424
2023-04-29,-107.776405613426,-34.3772564274667
2023-04-30,-100.493151229745,-39.8574788918627
2023-05-01,-109.454575173612,-47.6991033548563
2023-05-02,-111.625977213541,-65.3782895851236
2023-05-03,-108.147970949074,-60.2572173719531
2023-05-04,-116.532001345486,-69.1597195706682
2023-05-05,-118.539806684028,-71.6424066780636
2023-05-06,-121.143467939815,-75.5916176759354
2023-05-07,-120.951086255787,-75.2052783854166
2023-05-08,-122.593871108218,-80.2451817990183
2023-05-09,-121.306029139125,-81.3579372193287
2023-05-10,-103.510392885855,-70.46796862793
2023-05-11,-90.2054693671876,-60.0560686382056
2023-05-12,-83.7319453660945,-54.2692942859826
2023-05-13,-78.7097446667352,-45.3999069869118
2023-05-14,-77.3347859849121,-43.3396831845042
2023-05-15,-80.3283818921286,-43.8932933841457
2023-05-16,-78.5547669065391,-41.8701877853414
2023-05-17,-80.1001884013308,-38.6249153069771
2023-05-18,-79.4273600758102,-36.1798572351876
2023-05-19,-70.9820724800694,-30.5191521260044
2023-05-20,-67.1380570736111,-27.5676130803447
2023-05-21,-67.423239113397,-28.063378891516
2023-05-22,-74.709553452257,-32.9123291550142
2023-05-23,-73.7013597225116,-29.8535578679977
2023-05-24,-72.6570845133102,-27.9079508557184
2023-05-25,-73.532286930266,-27.711242005026
2023-05-26,-76.3182972184607,-27.0112244515741
2023-05-27,-76.3568478998842,-24.2948249800897
2023-05-28,-75.4625252844328,-19.9921607465176
2023-05-29,-60.342690347934,-7.1636838946773
2023-05-30,-77.3442973645257,-25.5436387816328
2023-05-31,-99.3922619773012,-53.9623512738564
2023-06-01,-97.3779742707237,-51.3853772341209
2023-06-02,-98.6146232158658,-54.8763953136469
2023-06-03,-98.4219488202505,-53.379167101435
2023-06-04,-93.4159433729458,-50.648190987024
2023-06-05,-77.940113303965,-33.287887661813
2023-06-06,-80.2913194832861,-35.3643634226333
2023-06-07,-84.8457217584537,-40.0227772184276
2023-06-08,-77.7790527254792,-32.1755740823504
2023-06-09,-82.340842072439,-36.0829659350503
2023-06-10,-80.556865376171,-34.0098653268335
2023-06-11,-78.5763902227348,-31.7650095620748
2023-06-12,-71.0350644786198,-25.0210422425347
2023-06-13,-75.8966149553025,-31.2634415221753
2023-06-14,-72.6144100675624,-29.7933555574804
2023-06-15,-83.9631591171683,-44.1741929542195
2023-06-16,-81.4590873869142,-41.2559629876206
2023-06-17,-87.7417797697518,-50.548998359532
2023-06-18,-91.3473801992665,-54.5095190455786
2023-06-19,-90.9876421089397,-53.8176784549456
2023-06-20,-82.6283127912164,-43.7156431111014
2023-06-21,-76.4860267192204,-34.4528773422914
2023-06-22,-70.3402616781143,-28.1194278472222
2023-06-23,-70.364147827908,-30.3558950688657
2023-06-24,-69.7271423558391,-33.4381556458904
2023-06-25,-73.8577281112655,-39.8634325605613
2023-06-26,-78.901713986101,-47.597174690236
2023-06-27,-72.3258506624919,-42.2073226233804
2023-06-28,-74.6908467713571,-44.6387950839852
2023-06-29,-82.47329311339,-52.9227256107882
2023-06-30,-79.6290159728164,-50.5149275163736
2023-07-01,-69.8651273631221,-42.4709560482986
2023-07-02,-69.2563775949479,-44.0160843274618
2023-07-03,-73.2694580164236,-49.5318883015482
2023-07-04,-75.1291881491493,-52.6320836787353
2023-07-05,-81.4873967307639,-59.9210807381024
2023-07-06,-84.0569779710648,-62.6497336417275
2023-07-07,-85.4121623007757,-64.8949107813699
2023-07-08,-87.4257514033621,-68.3361881358792
2023-07-09,-81.2807496454049,-62.1893835831853
2023-07-10,-77.1134170547936,-58.937444718601
2023-07-11,-85.3062850352472,-68.6752723978357
2023-07-12,-82.1422777653583,-64.9254469452044
2023-07-13,-69.3589805314718,-52.1504265487518
2023-07-14,-64.9523720218311,-49.246882836558
2023-07-15,-63.9684018230179,-48.308792879898
2023-07-16,-64.1671611433738,-50.3694489470486
2023-07-17,-64.3839585096296,-51.058072184463
2023-07-18,-64.5783701564204,-51.6807297484244
2023-07-19,-63.1292073524305,-50.5846738877083
2023-07-20,-64.3365387830005,-52.4599357343629
2023-07-21,-64.2154997232774,-54.1418896055357
2023-07-22,-64.5207613022757,-53.3548570649093
2023-07-23,-64.651150146831,-55.1552260254558
2023-07-24,-64.84492242505,-55.4885262200644
2023-07-25,-64.9154349061,-55.9357428314049
2023-07-26,-64.2418100900542,-55.6506768820816
2023-07-27,-64.6747607782986,-57.8450420021438
2023-07-28,-66.0871570397714,-61.962982900346
2023-07-29,-66.3739817477141,-63.1227946256602
2023-07-30,-65.8618888544438,-61.5555000316787
2023-07-31,-66.462566297259,-61.2082890385835
2023-08-01,-66.5793948393571,-61.8349375781567
2023-08-02,-65.6173932790667,-61.1849745228727
2023-08-03,-65.5652013282565,-61.3157235828469
2023-08-04,-65.6098347203546,-61.8179646012678
2023-08-05,-66.0539784460228,-63.0067030236835
2023-08-06,-67.3379821772149,-64.1111102833615
2023-08-07,-67.9706446545402,-66.016866526769
2023-08-08,-68.0837477575494,-65.7743680938607
2023-08-09,-68.419324762258,-67.0336439542088
2023-08-10,-69.0170250794665,-67.9532809253976
2023-08-11,-68.6475266413352,-68.1020866337355
2023-08-12,-69.3001084651693,-69.3012412728463
2023-08-13,-68.8757047035962,-70.5775060642501
2023-08-14,-69.2879595264728,-71.3629762575923
2023-08-15,-68.5846859338622,-70.4725551748947
2023-08-16,-69.0493173339477,-71.1881765024625
2023-08-17,-69.2144356067001,-70.7597571772419
2023-08-18,-69.7348539124963,-71.883217622238
2023-08-19,-70.1411004613058,-70.5921484348881
2023-08-20,-70.3744876297743,-71.6769641781177
2023-08-21,-70.5638896564946,-72.2118210809546
2023-08-22,-70.5822109947391,-72.0586599247077
2023-08-23,-68.3024457013271,-69.5688376918206
2023-08-24,-67.788299492319,-68.7217369988047
2023-08-25,-68.200617715383,-70.7346918429622
2023-08-26,-69.2678020576336,-71.102406922289
2023-08-27,-69.9783408872422,-71.6110265829124
2023-08-28,-69.1472202787774,-73.1534020918992
2023-08-29,-69.3154467799085,-72.4753882324564
2023-08-30,-69.7437315909117,-73.2151094244483
2023-08-31,-68.4513515941446,-71.7733229656566
2023-09-01,-67.1545680668665,-71.564576108486
2023-09-02,-67.1169711117527,-70.9311877268256
2023-09-03,-68.0908262384786,-70.2842213040527
2023-09-04,-68.4135492291983,-71.2638474115284
2023-09-05,-68.7063042508773,-71.7200777387932
2023-09-06,-70.4412088292427,-74.2972953788361
2023-09-07,-71.4937483499,-74.8335452515392
2023-09-08,-72.2361974250578,-74.2063272321379
2023-09-09,-72.4413564927662,-73.9398635696642
2023-09-10,-72.0897504039351,-72.06415084714
2023-09-11,-73.1000488360129,-72.5230397843856
2023-09-12,-73.1315420394457,-72.7835609742154
2023-09-13,-71.9122617998276,-70.0561298204372
2023-09-14,-71.4391582568224,-70.9312567531427
2023-09-15,-70.6351529475057,-72.5744869770604
2023-09-16,-69.899894307729,-71.6675803683714
2023-09-17,-69.9862723142015,-72.0768993529298
2023-09-18,-69.8851659292588,-73.0546915491288
2023-09-19,-68.5097825902275,-71.1655773026348
2023-09-20,-67.8821450935452,-68.7404969107368
2023-09-21,-67.5480109262167,-68.9716443483509
2023-09-22,-66.574189698268,-70.4967182072272
2023-09-23,-65.2949726321526,-70.2136968333606
2023-09-24,-65.7747800279934,-69.9044515138904
2023-09-25,-65.1821605480576,-69.0741490688902
2023-09-26,-65.2546099667167,-68.6953423025187
2023-09-27,-64.914026557479,-67.5742124491203
2023-09-28,-65.7684123995601,-68.1073081881242
2023-09-29,-68.4108327602653,-70.820860526093
2023-09-30,-70.41115045078,-73.6297258207369
2023-10-01,-72.4362506718976,-74.4986105171916
2023-10-02,-74.7084453938805,-76.5791463019756
2023-10-03,-76.7418851104337,-79.1313885421122
2023-10-04,-77.6737077235194,-77.4605418697526
2023-10-05,-78.5620403860434,-77.8666040431825
2023-10-06,-78.8266648983932,-78.3902075007891
2023-10-07,-79.813346759007,-78.9940669285137
2023-10-08,-78.388434743266,-75.8145092550392
2023-10-09,-76.8874047409863,-75.958029242196
2023-10-10,-76.1615499292867,-75.8747158922849
2023-10-11,-76.057708327556,-76.3524779872096
2023-10-12,-76.0908168104182,-76.544170206695
2023-10-13,-75.8787789093451,-76.409857250986
2023-10-14,-75.3918507991118,-75.85709251821
2023-10-15,-75.345715960551,-77.3062299463384
2023-10-16,-74.590709375699,-75.1624827921917
2023-10-17,-75.1380476402041,-74.6655035763298
2023-10-18,-73.7448440214647,-72.2707167354378
2023-10-19,-74.2675529492845,-72.6462842636595
2023-10-20,-73.7407364970013,-73.4192657674477
2023-10-21,-75.0658357070707,-73.2908091623794
2023-10-22,-75.7475719839016,-73.7820274593055
2023-10-23,-74.0528177259575,-72.5357683247609
2023-10-24,-71.8740102786442,-71.4648872748278
2023-10-25,-72.165122907197,-70.3205286895321
2023-10-26,-74.1347291962363,-70.8081513693295
2023-10-27,-78.0091145138889,-73.3672475551255
2023-10-28,-79.1708621106903,-75.195398691587
2023-10-29,-79.8846905092593,-76.0995561076012
2023-10-30,-79.7414251609848,-75.3878347106481
2023-10-31,-79.5934825320917,-74.1106735911405
2023-11-01,-77.3948701183712,-70.0864286743991
2023-11-02,-74.9174512037037,-66.0028346693498
2023-11-03,-73.57010050242,-64.5272639629345
2023-11-04,-73.1174542337437,-63.9005516290605
2023-11-05,-73.4457570528198,-64.0559890212016
2023-11-06,-73.4809266337858,-62.8204334122475
2023-11-07,-72.9098653288089,-63.9334694602273
2023-11-08,-73.5020178806292,-64.2409662998098
2023-11-09,-74.4233287286584,-65.0842691376544
2023-11-10,-75.4422076078493,-64.6761075239372
2023-11-11,-73.917127393466,-61.2785034672138
2023-11-12,-72.0693266329966,-59.5507600224193
2023-11-13,-70.4514173224432,-58.3225194758213
2023-11-14,-73.7976630421402,-61.3839379022132
2023-11-15,-73.776503125268,-61.1591821175503
2023-11-16,-75.260446489636,-62.5015713851459
2023-11-17,-74.7069554419192,-60.6941138900973
2023-11-18,-75.0540254395518,-61.7214934407867
2023-11-19,-73.5209145351957,-58.9752939785038
2023-11-20,-72.6605081515678,-58.8316229816393
2023-11-21,-72.9677991335705,-59.6509549782963
2023-11-22,-77.3101919316138,-63.896849409394
2023-11-23,-74.2155998253367,-59.343545904397
2023-11-24,-73.3517617266414,-58.1274617700442
2023-11-25,-71.3966412367959,-56.7675746702819
2023-11-26,-71.0944940885417,-54.7554114626609
2023-11-27,-72.5742614925295,-55.1147599550577
2023-11-28,-71.7302862989267,-54.0293826322018
2023-11-29,-69.4914161705458,-52.2552093100997
2023-11-30,-67.8626246467277,-51.1543792635831
2023-12-01,-65.4549978372883,-49.7172413470882
2023-12-02,-75.2426869515469,-60.5053822573389
2023-12-03,-74.0808276909721,-60.773084056187
2023-12-04,-75.8123947127526,-62.264038852346
2023-12-05,-75.1638689236111,-61.4443403902306
2023-12-06,-74.8522982915087,-59.7139978274938
2023-12-07,-73.6073079111426,-55.8587784710387
2023-12-08,-73.5103650804923,-55.3060320067866
2023-12-09,-71.9463977509468,-53.5151658337279
2023-12-10,-71.4464020320391,-53.9066891331281
2023-12-11,-71.1139428134532,-54.3921462855114
2023-12-12,-70.1603152225381,-50.8239310696812
2023-12-13,-56.2752104361322,-37.164127856343
2023-12-14,-46.5252736552134,-26.0197567703006
2023-12-15,-36.2776815948367,-15.2928035020068
2023-12-16,-67.1891484966858,-43.8740263198856
2023-12-17,-66.7081954387625,-44.6172279362482
2023-12-18,-66.9979608112375,-48.1213824184443
2023-12-19,-67.334788916509,-47.3740150489268
2023-12-20,-66.1524442037561,-43.4752753136837
2023-12-21,-65.0107969618058,-40.9563062222297
2023-12-22,-64.1607023437498,-40.1541699418008
2023-12-23,-63.5542573784721,-40.1476024562654
2023-12-24,-64.2817140703914,-42.1258647678255
2023-12-25,-65.0803420557134,-43.2098268758941
2023-12-26,-64.5266920695235,-42.8346375557812
2023-12-27,-64.5649065577653,-43.3882518171969
