"Date","Treat","CO2Treat","Depth","mV.adj","se"
2020-03-28,"T3","Amb","20 cm",-131.004343402778,0.508957579988436
2020-03-28,"T3","Amb","5 cm",-44.8107921869213,2.71429785552848
2020-03-28,"T3","Elev","20 cm",-120.772448032407,0.586381486418807
2020-03-28,"T3","Elev","5 cm",-19.7541019953704,2.18734369648585
2020-03-29,"T3","Amb","20 cm",-132.009793287037,0.479835688717828
2020-03-29,"T3","Amb","5 cm",-37.443153136574,2.2829234519406
2020-03-29,"T3","Elev","20 cm",-122.127315046296,0.564356962815403
2020-03-29,"T3","Elev","5 cm",-23.2797379398148,1.68854501776778
2020-03-30,"T3","Amb","20 cm",-131.252657407407,0.56139126547512
2020-03-30,"T3","Amb","5 cm",-44.7968060393519,1.47954512972087
2020-03-30,"T3","Elev","20 cm",-121.624658217593,0.612159644316225
2020-03-30,"T3","Elev","5 cm",-24.541426875,1.41398631160502
2020-03-31,"T3","Amb","20 cm",-133.807297453704,0.484693355335998
2020-03-31,"T3","Amb","5 cm",-42.0730933194445,1.82810575406161
2020-03-31,"T3","Elev","20 cm",-125.246845949074,0.606307672800621
2020-03-31,"T3","Elev","5 cm",-26.5727790856482,1.33296494426192
2020-04-01,"T3","Amb","20 cm",-134.412162681159,0.510422458609561
2020-04-01,"T3","Amb","5 cm",-36.4645495652174,2.28173965090534
2020-04-01,"T3","Elev","20 cm",-125.938197826087,0.613197047847412
2020-04-01,"T3","Elev","5 cm",-19.0674858091788,1.52128669334702
2020-04-02,"T3","Amb","20 cm",-134.622625347222,0.457196759408015
2020-04-02,"T3","Amb","5 cm",-32.6181273148148,2.60857910891158
2020-04-02,"T3","Elev","20 cm",-127.052522337963,0.571658314592381
2020-04-02,"T3","Elev","5 cm",-14.2021767824074,1.59713953602846
2020-04-03,"T3","Amb","20 cm",-135.640500115741,0.421172625555178
2020-04-03,"T3","Amb","5 cm",-28.0365751736111,2.64395030447041
2020-04-03,"T3","Elev","20 cm",-128.068570833333,0.565954049518541
2020-04-03,"T3","Elev","5 cm",-11.3686020601852,1.65750487226998
2020-04-04,"T3","Amb","20 cm",-135.857397453704,0.316397647094647
2020-04-04,"T3","Amb","5 cm",-25.0301214699074,2.68020195159931
2020-04-04,"T3","Elev","20 cm",-127.029860601852,0.547566723382839
2020-04-04,"T3","Elev","5 cm",-7.49140943287035,1.9619057923827
2020-04-05,"T3","Amb","20 cm",-133.324853472222,0.365197179835048
2020-04-05,"T3","Amb","5 cm",-53.0416733761574,1.21653162071957
2020-04-05,"T3","Elev","20 cm",-123.497951689815,0.591535955478111
2020-04-05,"T3","Elev","5 cm",-20.0532886574074,1.92214935037987
2020-04-06,"T3","Amb","20 cm",-134.632335532407,0.364179678158954
2020-04-06,"T3","Amb","5 cm",-56.9842724988426,0.747750571630658
2020-04-06,"T3","Elev","20 cm",-125.777139467593,0.560809824854189
2020-04-06,"T3","Elev","5 cm",-28.2719950231481,1.90899619727826
2020-04-07,"T3","Amb","20 cm",-134.645838541667,0.356070688823716
2020-04-07,"T3","Amb","5 cm",-35.8155447569444,2.33927750200209
2020-04-07,"T3","Elev","20 cm",-125.12596412037,0.618895166648632
2020-04-07,"T3","Elev","5 cm",-23.1819395833333,2.16537274716993
2020-04-08,"T3","Amb","20 cm",-134.444174421296,0.381578777945109
2020-04-08,"T3","Amb","5 cm",-52.2295141145833,2.41457813004021
2020-04-08,"T3","Elev","20 cm",-125.279855324074,0.680605590285366
2020-04-08,"T3","Elev","5 cm",-34.5602142361111,1.93885210398201
2020-04-09,"T3","Amb","20 cm",-136.209902083333,0.395291720431085
2020-04-09,"T3","Amb","5 cm",-68.3834271481481,1.41500605240771
2020-04-09,"T3","Elev","20 cm",-127.719459953704,0.681335705459178
2020-04-09,"T3","Elev","5 cm",-44.4854724537037,1.43059784020442
2020-04-10,"T3","Amb","20 cm",-140.089487615741,0.294733157353807
2020-04-10,"T3","Amb","5 cm",-64.0800815428241,2.07990691775672
2020-04-10,"T3","Elev","20 cm",-132.385827430556,0.625169186984848
2020-04-10,"T3","Elev","5 cm",-38.7331546296296,1.40458126427728
2020-04-11,"T3","Amb","20 cm",-138.989714814815,0.394816395723201
2020-04-11,"T3","Amb","5 cm",-42.5313196581197,3.85740814110441
2020-04-11,"T3","Elev","20 cm",-129.526766381766,0.786508826434739
2020-04-11,"T3","Elev","5 cm",-18.8969659116809,1.94023209883214
2020-04-12,"T3","Amb","20 cm",-138.539863333333,0.378196682601913
2020-04-12,"T3","Amb","5 cm",-41.5621781481481,3.73494849579456
2020-04-12,"T3","Elev","20 cm",-127.78095617284,0.825165159795271
2020-04-12,"T3","Elev","5 cm",-15.6830080493827,1.77340829821813
2020-04-13,"T3","Amb","20 cm",-135.209915162037,0.365556743084878
2020-04-13,"T3","Amb","5 cm",-56.4452266967593,2.4053888768125
2020-04-13,"T3","Elev","20 cm",-122.675684837963,0.774216828502607
2020-04-13,"T3","Elev","5 cm",-29.1329239351852,1.49213732864069
2020-04-14,"T3","Amb","20 cm",-139.029735185185,0.297350458809443
2020-04-14,"T3","Amb","5 cm",-73.1478365740741,1.1828744539133
2020-04-14,"T3","Elev","20 cm",-128.694584143519,0.725982013275591
2020-04-14,"T3","Elev","5 cm",-41.5746873842592,1.25510416341116
2020-04-15,"T3","Amb","20 cm",-140.664007986111,0.301209657462572
2020-04-15,"T3","Amb","5 cm",-61.6059461476852,2.05688656371154
2020-04-15,"T3","Elev","20 cm",-130.528409953704,0.747469555703516
2020-04-15,"T3","Elev","5 cm",-33.8456498842593,1.66532140429975
2020-04-16,"T3","Amb","20 cm",-141.231616419753,0.314082041450747
2020-04-16,"T3","Amb","5 cm",-40.747307654321,3.79274051473909
2020-04-16,"T3","Elev","20 cm",-131.167463333333,0.819737887329537
2020-04-16,"T3","Elev","5 cm",-23.1961423580247,2.29186075084778
2020-04-17,"T3","Amb","20 cm",-140.472372997416,0.316296066876384
2020-04-17,"T3","Amb","5 cm",-29.6478834625323,4.4075784816593
2020-04-17,"T3","Elev","20 cm",-129.176997286822,0.887123217047422
2020-04-17,"T3","Elev","5 cm",-7.87804235142119,3.03461361322667
2020-04-18,"T3","Amb","20 cm",-140.991001538462,0.313114712722423
2020-04-18,"T3","Amb","5 cm",-31.5025128205128,4.38012776217594
2020-04-18,"T3","Elev","20 cm",-128.882044230769,0.972146369685936
2020-04-18,"T3","Elev","5 cm",-4.3154523717949,3.45514209435835
2020-04-19,"T3","Amb","20 cm",-139.53247991453,0.351256114395044
2020-04-19,"T3","Amb","5 cm",-19.518063960114,4.95064599143473
2020-04-19,"T3","Elev","20 cm",-127.036321509971,1.02231432743191
2020-04-19,"T3","Elev","5 cm",3.84961997150998,4.03911535334708
2020-04-20,"T3","Amb","20 cm",-140.727989974937,0.30231162183463
2020-04-20,"T3","Amb","5 cm",-28.0610665413534,4.68022178940806
2020-04-20,"T3","Elev","20 cm",-127.887803884712,1.01873140838239
2020-04-20,"T3","Elev","5 cm",-0.342200814536329,3.93890038962643
2020-04-21,"T3","Amb","20 cm",-139.27027962963,0.302060192856617
2020-04-21,"T3","Amb","5 cm",-21.2499415509259,4.50173168773126
2020-04-21,"T3","Elev","20 cm",-126.73968275463,0.968053301410378
2020-04-21,"T3","Elev","5 cm",2.98109337962962,4.41472891633655
2020-04-22,"T3","Amb","20 cm",-139.78274691358,0.363067299837375
2020-04-22,"T3","Amb","5 cm",-19.5799675308642,4.89105312634009
2020-04-22,"T3","Elev","20 cm",-127.855986790123,1.01322291343216
2020-04-22,"T3","Elev","5 cm",10.6487807160494,5.37583485280668
2020-04-23,"T3","Amb","20 cm",-139.112665130024,0.38860939678219
2020-04-23,"T3","Amb","5 cm",-14.132420212766,5.01938144223228
2020-04-23,"T3","Elev","20 cm",-127.163393262411,1.03259699258989
2020-04-23,"T3","Elev","5 cm",20.5120936761229,5.94494536102307
2020-04-24,"T3","Amb","20 cm",-139.286113888889,0.348349143770576
2020-04-24,"T3","Amb","5 cm",-27.9935193055555,3.7045147012639
2020-04-24,"T3","Elev","20 cm",-127.61847650463,1.04867865182605
2020-04-24,"T3","Elev","5 cm",8.45497824074074,5.28542404418623
2020-04-25,"T3","Amb","20 cm",-139.402143287037,0.34999081632662
2020-04-25,"T3","Amb","5 cm",-22.9243641203704,4.15167105705029
2020-04-25,"T3","Elev","20 cm",-128.312184375,1.01883819730395
2020-04-25,"T3","Elev","5 cm",1.13808484953705,4.71789628474089
2020-04-26,"T3","Amb","20 cm",-138.793042824074,0.328832435265678
2020-04-26,"T3","Amb","5 cm",-40.9189489465278,2.88857670357852
2020-04-26,"T3","Elev","20 cm",-126.668753703704,1.05676447293582
2020-04-26,"T3","Elev","5 cm",-17.4548435185185,2.64151336510133
2020-04-27,"T3","Amb","20 cm",-141.343741203704,0.285886108366626
2020-04-27,"T3","Amb","5 cm",-51.3408063310185,1.87054512211101
2020-04-27,"T3","Elev","20 cm",-129.803008333333,1.14395131224054
2020-04-27,"T3","Elev","5 cm",-26.2455790509259,1.92939030020095
2020-04-28,"T3","Amb","20 cm",-141.518509490741,0.286479445333424
2020-04-28,"T3","Amb","5 cm",-31.365646994213,3.39470896145554
2020-04-28,"T3","Elev","20 cm",-127.736079976852,1.40497843710671
2020-04-28,"T3","Elev","5 cm",-16.1435811805556,2.15994070731938
2020-04-29,"T3","Amb","20 cm",-137.793067361111,0.367922787219088
2020-04-29,"T3","Amb","5 cm",-20.0460833333334,3.51114357601335
2020-04-29,"T3","Elev","20 cm",-121.669933564815,1.52471878455459
2020-04-29,"T3","Elev","5 cm",-12.5906209606481,1.76993441953574
2020-04-30,"T3","Amb","20 cm",-135.82444212963,0.335709750796971
2020-04-30,"T3","Amb","5 cm",-42.4268196918982,2.55049768430559
2020-04-30,"T3","Elev","20 cm",-120.699527314815,1.37489107166778
2020-04-30,"T3","Elev","5 cm",-29.7288153935185,1.04752839067054
2020-05-01,"T3","Amb","20 cm",-139.10655162037,0.306702298058094
2020-05-01,"T3","Amb","5 cm",-71.6117159722222,1.40627888621192
2020-05-01,"T3","Elev","20 cm",-126.537135763889,1.0952206994366
2020-05-01,"T3","Elev","5 cm",-45.7431104166667,1.07193416582409
2020-05-02,"T3","Amb","20 cm",-140.342128587963,0.303704834961157
2020-05-02,"T3","Amb","5 cm",-65.0927561342593,1.41218936794783
2020-05-02,"T3","Elev","20 cm",-128.984867013889,1.08463506292286
2020-05-02,"T3","Elev","5 cm",-44.075641087963,1.28696003611263
2020-05-03,"T3","Amb","20 cm",-139.109419791667,0.340834716176329
2020-05-03,"T3","Amb","5 cm",-54.1990133101852,1.51148743798418
2020-05-03,"T3","Elev","20 cm",-127.042371296296,1.06713832159045
2020-05-03,"T3","Elev","5 cm",-37.0378351851852,1.5952754707611
2020-05-04,"T3","Amb","20 cm",-140.242826388889,0.368264682768486
2020-05-04,"T3","Amb","5 cm",-53.2303789351852,1.55861861040652
2020-05-04,"T3","Elev","20 cm",-129.246312962963,1.11441802853935
2020-05-04,"T3","Elev","5 cm",-42.5808633101852,1.5884245412762
2020-05-05,"T3","Amb","20 cm",-143.735098842593,0.278455205602919
2020-05-05,"T3","Amb","5 cm",-34.3005754976852,1.42009187868405
2020-05-05,"T3","Elev","20 cm",-133.615521064815,1.05771041419307
2020-05-05,"T3","Elev","5 cm",-37.8376091782407,1.89853706257741
2020-05-06,"T3","Amb","20 cm",-142.53181099537,0.289916791219744
2020-05-06,"T3","Amb","5 cm",-24.9542274305556,1.54782327868797
2020-05-06,"T3","Elev","20 cm",-131.027264583333,1.04981241900778
2020-05-06,"T3","Elev","5 cm",-31.1351952199074,1.98379625135587
2020-05-07,"T3","Amb","20 cm",-142.723061805556,0.313176988849957
2020-05-07,"T3","Amb","5 cm",-15.815405775463,2.01056149539689
2020-05-07,"T3","Elev","20 cm",-131.56084537037,1.07444145229099
2020-05-07,"T3","Elev","5 cm",-30.4886694907407,1.95949555811792
2020-05-08,"T3","Amb","20 cm",-141.809458912037,0.311691205952464
2020-05-08,"T3","Amb","5 cm",-8.63192380787035,2.56914271666234
2020-05-08,"T3","Elev","20 cm",-130.115867708333,1.11219525465578
2020-05-08,"T3","Elev","5 cm",-25.2942547800926,2.11285822625345
2020-05-09,"T3","Amb","20 cm",-143.706081084656,0.31772982512697
2020-05-09,"T3","Amb","5 cm",-3.32942858994706,3.41262731778338
2020-05-09,"T3","Elev","20 cm",-133.191649867725,1.18928888378541
2020-05-09,"T3","Elev","5 cm",-16.8072682205027,2.31828409746569
2020-05-10,"T3","Amb","20 cm",-141.903360968661,0.34621622148856
2020-05-10,"T3","Amb","5 cm",29.148538424359,3.96065132457378
2020-05-10,"T3","Elev","20 cm",-130.338167663818,1.29440015394519
2020-05-10,"T3","Elev","5 cm",15.5871257692308,3.37927889173804
2020-05-11,"T3","Amb","20 cm",-142.477441729323,0.303863632530997
2020-05-11,"T3","Amb","5 cm",49.7502628294486,3.48366784365187
2020-05-11,"T3","Elev","20 cm",-130.688725438597,1.25512414530552
2020-05-11,"T3","Elev","5 cm",19.4320364536341,3.6043517903156
2020-05-12,"T3","Amb","20 cm",-142.687359837963,0.271671521516576
2020-05-12,"T3","Amb","5 cm",65.9720567440972,3.50132659480472
2020-05-12,"T3","Elev","20 cm",-131.493082291667,1.15951688624179
2020-05-12,"T3","Elev","5 cm",39.7405001851852,4.18327286361265
2020-05-13,"T3","Amb","20 cm",-141.598246643519,0.282241044245471
2020-05-13,"T3","Amb","5 cm",90.8823880555556,2.73050007974648
2020-05-13,"T3","Elev","20 cm",-130.22801712963,1.23481193875993
2020-05-13,"T3","Elev","5 cm",54.3441315393519,4.79615055954145
2020-05-14,"T3","Amb","20 cm",-140.137932986111,0.341287891306009
2020-05-14,"T3","Amb","5 cm",94.0017845320949,2.04037693419652
2020-05-14,"T3","Elev","20 cm",-128.634303240741,1.09474808136816
2020-05-14,"T3","Elev","5 cm",55.6073587384259,4.70867533889925
2020-05-15,"T3","Amb","20 cm",-137.677808912037,0.350700014547105
2020-05-15,"T3","Amb","5 cm",60.6681442583333,2.69857434353332
2020-05-15,"T3","Elev","20 cm",-125.204178125,0.831179321914218
2020-05-15,"T3","Elev","5 cm",40.8335171296296,4.34572740290458
2020-05-16,"T3","Amb","20 cm",-139.366216319444,0.331875110755941
2020-05-16,"T3","Amb","5 cm",39.4682783888889,2.65124349314332
2020-05-16,"T3","Elev","20 cm",-127.457950810185,0.865169118771272
2020-05-16,"T3","Elev","5 cm",31.0414659722222,4.61249186276043
2020-05-17,"T3","Amb","20 cm",-142.175760532407,0.251594409838667
2020-05-17,"T3","Amb","5 cm",51.6264604861111,1.73935101720932
2020-05-17,"T3","Elev","20 cm",-130.558206944444,0.85748665981177
2020-05-17,"T3","Elev","5 cm",30.6724272453704,4.88175897366741
2020-05-18,"T3","Amb","20 cm",-142.572999768519,0.268818272994041
2020-05-18,"T3","Amb","5 cm",69.9274809375,1.39598952966775
2020-05-18,"T3","Elev","20 cm",-130.650487962963,0.847232372607962
2020-05-18,"T3","Elev","5 cm",36.8192532407407,5.73525299221623
2020-05-19,"T3","Amb","20 cm",-143.309496527778,0.24396812317251
2020-05-19,"T3","Amb","5 cm",72.7406311342592,1.55796769897434
2020-05-19,"T3","Elev","20 cm",-131.67292037037,0.869785894677895
2020-05-19,"T3","Elev","5 cm",56.5769412222222,8.34697995000171
2020-05-20,"T3","Amb","20 cm",-142.650075810185,0.258505411076211
2020-05-20,"T3","Amb","5 cm",55.2840128761574,1.04654244417001
2020-05-20,"T3","Elev","20 cm",-129.920325231481,0.901492816093768
2020-05-20,"T3","Elev","5 cm",61.4193789143519,10.2711614912426
2020-05-21,"T3","Amb","20 cm",-140.500534722222,0.279258968000992
2020-05-21,"T3","Amb","5 cm",70.3607626,1.48025094069434
2020-05-21,"T3","Elev","20 cm",-127.141515856481,0.888972288396425
2020-05-21,"T3","Elev","5 cm",73.2863632060185,10.5690473637606
2020-05-22,"T3","Amb","20 cm",-137.321838773148,0.29798501150653
2020-05-22,"T3","Amb","5 cm",77.9206208009259,1.70872055068947
2020-05-22,"T3","Elev","20 cm",-123.167546296296,0.89437470356692
2020-05-22,"T3","Elev","5 cm",73.8885136805555,10.4866126914909
2020-05-23,"T3","Amb","20 cm",-137.9378125,0.301808863428208
2020-05-23,"T3","Amb","5 cm",69.078737962963,2.12089251420681
2020-05-23,"T3","Elev","20 cm",-124.721834375,0.89794631934445
2020-05-23,"T3","Elev","5 cm",60.7183253472222,9.9726810617377
2020-05-24,"T3","Amb","20 cm",-142.395029166667,0.284760739068117
2020-05-24,"T3","Amb","5 cm",79.664831990162,1.9664516705571
2020-05-24,"T3","Elev","20 cm",-130.204463773148,0.879824639620552
2020-05-24,"T3","Elev","5 cm",63.4704162780093,11.0670686022205
2020-05-25,"T3","Amb","20 cm",-139.588863657407,0.341336419653057
2020-05-25,"T3","Amb","5 cm",51.4754296620371,2.56944422915423
2020-05-25,"T3","Elev","20 cm",-126.037490625,0.926561941461891
2020-05-25,"T3","Elev","5 cm",63.385655443287,9.87928363514661
2020-05-26,"T3","Amb","20 cm",-139.32701400463,0.347060508582558
2020-05-26,"T3","Amb","5 cm",80.168971406632,1.53450634159881
2020-05-26,"T3","Elev","20 cm",-125.718341898148,0.931953173898525
2020-05-26,"T3","Elev","5 cm",71.8295764236111,9.90679289654274
2020-05-27,"T3","Amb","20 cm",-138.372593171296,0.342936390078128
2020-05-27,"T3","Amb","5 cm",84.9490568240741,1.39943240877895
2020-05-27,"T3","Elev","20 cm",-124.822552199074,0.91527718150902
2020-05-27,"T3","Elev","5 cm",74.9043725141204,9.93128849188158
2020-05-28,"T3","Amb","20 cm",-137.878204398148,0.365039694690544
2020-05-28,"T3","Amb","5 cm",41.4215734224537,3.01999135942654
2020-05-28,"T3","Elev","20 cm",-124.18127349537,0.931380079431557
2020-05-28,"T3","Elev","5 cm",55.9661436921296,8.54038185295434
2020-05-29,"T3","Amb","20 cm",-138.684410185185,0.390092667715099
2020-05-29,"T3","Amb","5 cm",15.7539609722222,2.76551414842806
2020-05-29,"T3","Elev","20 cm",-124.854868055556,0.964699602464638
2020-05-29,"T3","Elev","5 cm",39.0586729513889,7.18227184978102
2020-05-30,"T3","Amb","20 cm",-142.616042013889,0.387573260125073
2020-05-30,"T3","Amb","5 cm",16.5348459837963,2.62795816315236
2020-05-30,"T3","Elev","20 cm",-129.155057060185,0.948613182371716
2020-05-30,"T3","Elev","5 cm",39.8784737037037,7.47775216704659
2020-05-31,"T3","Amb","20 cm",-146.750739467593,0.387628685043616
2020-05-31,"T3","Amb","5 cm",32.1615301521991,1.71056300676471
2020-05-31,"T3","Elev","20 cm",-133.977572569444,0.957972801511132
2020-05-31,"T3","Elev","5 cm",81.9799077685185,11.2332609974913
2020-06-01,"T3","Amb","20 cm",-147.759279282407,0.358002652816953
2020-06-01,"T3","Amb","5 cm",61.3144577893518,1.00140566911347
2020-06-01,"T3","Elev","20 cm",-134.693054398148,0.963166454112651
2020-06-01,"T3","Elev","5 cm",110.857964799653,13.1877669998866
2020-06-02,"T3","Amb","20 cm",-145.752661689815,0.367088585643188
2020-06-02,"T3","Amb","5 cm",49.6041866539352,1.36618572337402
2020-06-02,"T3","Elev","20 cm",-131.86084224537,0.944080078110362
2020-06-02,"T3","Elev","5 cm",100.172336285648,11.6290575683617
2020-06-03,"T3","Amb","20 cm",-143.001789699074,0.393737689272988
2020-06-03,"T3","Amb","5 cm",65.1052431018519,0.758403561712579
2020-06-03,"T3","Elev","20 cm",-128.686474768519,0.956372303991339
2020-06-03,"T3","Elev","5 cm",103.571635591088,11.9266471859976
2020-06-04,"T3","Amb","20 cm",-141.896463541667,0.388167011350722
2020-06-04,"T3","Amb","5 cm",53.1198532105324,1.31100225598236
2020-06-04,"T3","Elev","20 cm",-127.735074421296,0.968749834432887
2020-06-04,"T3","Elev","5 cm",72.82821425,9.78685465253269
2020-06-05,"T3","Amb","20 cm",-142.117809490741,0.421008238537608
2020-06-05,"T3","Amb","5 cm",10.2905439583333,2.79497373029189
2020-06-05,"T3","Elev","20 cm",-127.537543634259,0.977324555201089
2020-06-05,"T3","Elev","5 cm",31.7169485069444,6.82139944343281
2020-06-06,"T3","Amb","20 cm",-143.232608449074,0.432713372706851
2020-06-06,"T3","Amb","5 cm",3.07137870370376,2.91363965508802
2020-06-06,"T3","Elev","20 cm",-129.152572569444,0.987088863210868
2020-06-06,"T3","Elev","5 cm",15.2197892592593,6.13086233847595
2020-06-07,"T3","Amb","20 cm",-147.602005208333,0.395250612914501
2020-06-07,"T3","Amb","5 cm",9.57058598379628,3.03687193485319
2020-06-07,"T3","Elev","20 cm",-135.048567476852,0.90449823303769
2020-06-07,"T3","Elev","5 cm",20.457314537037,6.41370885276568
2020-06-08,"T3","Amb","20 cm",-149.096130902778,0.365111219522364
2020-06-08,"T3","Amb","5 cm",31.2727584618055,1.75627891911341
2020-06-08,"T3","Elev","20 cm",-136.522674884259,0.910803512371527
2020-06-08,"T3","Elev","5 cm",70.3115649085648,10.202671143484
2020-06-09,"T3","Amb","20 cm",-147.383814583333,0.384515081773092
2020-06-09,"T3","Amb","5 cm",44.652077511574,0.865870765565844
2020-06-09,"T3","Elev","20 cm",-134.523086458333,0.938059082243589
2020-06-09,"T3","Elev","5 cm",89.1995893425926,11.2231831449449
2020-06-10,"T3","Amb","20 cm",-144.986096875,0.373405527494395
2020-06-10,"T3","Amb","5 cm",39.6624350462963,1.14182441021863
2020-06-10,"T3","Elev","20 cm",-131.540874305556,0.971520932899752
2020-06-10,"T3","Elev","5 cm",85.4734856296759,11.3585450718733
2020-06-11,"T3","Amb","20 cm",-144.608541782407,0.391623086807992
2020-06-11,"T3","Amb","5 cm",6.90037013541666,3.17364511353039
2020-06-11,"T3","Elev","20 cm",-131.122096990741,0.988268769054726
2020-06-11,"T3","Elev","5 cm",43.7196407083334,8.71310357938949
2020-06-12,"T3","Amb","20 cm",-148.359671643519,0.38193576886259
2020-06-12,"T3","Amb","5 cm",4.21873403125,3.2670243460534
2020-06-12,"T3","Elev","20 cm",-135.727793518519,0.954292465565712
2020-06-12,"T3","Elev","5 cm",52.1009201739583,8.95967447755601
2020-06-13,"T3","Amb","20 cm",-151.412628703704,0.329034133477646
2020-06-13,"T3","Amb","5 cm",21.3835815046296,1.64629031267766
2020-06-13,"T3","Elev","20 cm",-139.624026091954,0.917122836846991
2020-06-13,"T3","Elev","5 cm",91.2779616206897,11.6862526017471
2020-06-14,"T3","Amb","20 cm",-152.737174421296,0.306995971543807
2020-06-14,"T3","Amb","5 cm",37.9441773148148,1.2530278713994
2020-06-14,"T3","Elev","20 cm",-140.75969375,0.912390678934828
2020-06-14,"T3","Elev","5 cm",116.371726967593,13.2313209427717
2020-06-15,"T3","Amb","20 cm",-152.232867013889,0.265129386821987
2020-06-15,"T3","Amb","5 cm",71.8152408449074,3.50208190368928
2020-06-15,"T3","Elev","20 cm",-140.363564699074,0.904757991559333
2020-06-15,"T3","Elev","5 cm",124.734790162037,13.5692136863054
2020-06-16,"T3","Amb","20 cm",-150.761788078704,0.290917557151315
2020-06-16,"T3","Amb","5 cm",72.4956493171296,4.61031678961387
2020-06-16,"T3","Elev","20 cm",-138.468977777778,0.938424469262554
2020-06-16,"T3","Elev","5 cm",121.308053819444,13.3981611704332
2020-06-17,"T3","Amb","20 cm",-149.988995949074,0.296599230615535
2020-06-17,"T3","Amb","5 cm",41.4748237384259,7.14487098073227
2020-06-17,"T3","Elev","20 cm",-137.245141782407,0.942530304553176
2020-06-17,"T3","Elev","5 cm",104.539399291898,12.862989682041
2020-06-18,"T3","Amb","20 cm",-148.243461689815,0.27510941991026
2020-06-18,"T3","Amb","5 cm",43.3379931481482,7.31910564474169
2020-06-18,"T3","Elev","20 cm",-135.887377314815,0.93019177324543
2020-06-18,"T3","Elev","5 cm",79.8589546527778,10.9980791993474
2020-06-19,"T3","Amb","20 cm",-148.71118275463,0.299401966201469
2020-06-19,"T3","Amb","5 cm",58.3787360532408,6.51086990830777
2020-06-19,"T3","Elev","20 cm",-136.517577430556,0.936404747740544
2020-06-19,"T3","Elev","5 cm",97.8475437268519,12.8639348426434
2020-06-20,"T3","Amb","20 cm",-148.835647106481,0.269971580930069
2020-06-20,"T3","Amb","5 cm",62.4411389299768,6.53719122693997
2020-06-20,"T3","Elev","20 cm",-137.090846296296,0.892302650305971
2020-06-20,"T3","Elev","5 cm",86.9859469675926,12.044514798781
2020-06-21,"T3","Amb","20 cm",-148.587743171296,0.273937078544513
2020-06-21,"T3","Amb","5 cm",53.8933558796296,7.18711636661221
2020-06-21,"T3","Elev","20 cm",-136.920177662037,0.900593990361196
2020-06-21,"T3","Elev","5 cm",63.8226681111111,10.1011232094497
2020-06-22,"T3","Amb","20 cm",-148.237626967593,0.304589499092121
2020-06-22,"T3","Amb","5 cm",46.1202837601852,7.3761032211427
2020-06-22,"T3","Elev","20 cm",-136.716740625,0.932774386929966
2020-06-22,"T3","Elev","5 cm",43.1728914903935,9.04562239515749
2020-06-23,"T3","Amb","20 cm",-148.445755787037,0.296379065445859
2020-06-23,"T3","Amb","5 cm",4.79102245370371,8.9921944507161
2020-06-23,"T3","Elev","20 cm",-136.897482986111,0.944427598138315
2020-06-23,"T3","Elev","5 cm",-6.75305319444447,5.91785805612366
2020-06-24,"T3","Amb","20 cm",-150.986314814815,0.315150977177438
2020-06-24,"T3","Amb","5 cm",-2.90015347222222,9.11987743263342
2020-06-24,"T3","Elev","20 cm",-139.514373842593,0.96982604210542
2020-06-24,"T3","Elev","5 cm",-20.1815580092593,5.30048979395677
2020-06-25,"T3","Amb","20 cm",-152.529355787037,0.314963461723805
2020-06-25,"T3","Amb","5 cm",-0.200149930555535,8.85513411510581
2020-06-25,"T3","Elev","20 cm",-140.406783564815,0.98025832897949
2020-06-25,"T3","Elev","5 cm",-1.10294972222223,7.32292652924509
2020-06-26,"T3","Amb","20 cm",-152.68139837963,0.289746221149209
2020-06-26,"T3","Amb","5 cm",-3.7672436574074,8.81556626868359
2020-06-26,"T3","Elev","20 cm",-140.225769212963,0.987636816243893
2020-06-26,"T3","Elev","5 cm",-10.2723031481481,6.33524788611923
2020-06-27,"T3","Amb","20 cm",-152.040709259259,0.301212039304931
2020-06-27,"T3","Amb","5 cm",-5.80934098379629,8.55145570426572
2020-06-27,"T3","Elev","20 cm",-139.295687615741,1.03125872813925
2020-06-27,"T3","Elev","5 cm",-40.0618582175926,3.29470124468
2020-06-28,"T3","Amb","20 cm",-152.362312152778,0.27579862254185
2020-06-28,"T3","Amb","5 cm",-16.0988330555555,8.00496409680215
2020-06-28,"T3","Elev","20 cm",-138.601212037037,1.14552084134654
2020-06-28,"T3","Elev","5 cm",-51.8979346064815,2.15027790288534
2020-06-29,"T3","Amb","20 cm",-153.749684143519,0.360819288975555
2020-06-29,"T3","Amb","5 cm",-20.5252873842592,7.69000599474662
2020-06-29,"T3","Elev","20 cm",-140.579452083333,1.07132820978774
2020-06-29,"T3","Elev","5 cm",-54.6965795138889,2.09553957111482
2020-06-30,"T3","Amb","20 cm",-154.022163310185,0.472033424990508
2020-06-30,"T3","Amb","5 cm",-29.3029409722223,6.98753118167502
2020-06-30,"T3","Elev","20 cm",-141.777205671296,0.908341655761983
2020-06-30,"T3","Elev","5 cm",-53.2618861805555,2.31729251275402
2020-07-01,"T3","Amb","20 cm",-152.153748958333,0.493960153878607
2020-07-01,"T3","Amb","5 cm",-57.0843811342593,4.3887204142189
2020-07-01,"T3","Elev","20 cm",-139.657853587963,0.911109377208659
2020-07-01,"T3","Elev","5 cm",-57.9862384259259,1.94695325604306
2020-07-02,"T3","Amb","20 cm",-151.94214224537,0.509347722348877
2020-07-02,"T3","Amb","5 cm",-69.6948519675926,3.25285945846861
2020-07-02,"T3","Elev","20 cm",-139.144913773148,0.932864747008199
2020-07-02,"T3","Elev","5 cm",-60.9052947916667,1.8124475078513
2020-07-03,"T3","Amb","20 cm",-152.608091319444,0.532307692536873
2020-07-03,"T3","Amb","5 cm",-76.4655157407407,2.91092893282208
2020-07-03,"T3","Elev","20 cm",-139.101034722222,0.964262692387803
2020-07-03,"T3","Elev","5 cm",-60.2061072916666,2.06395244545257
2020-07-04,"T3","Amb","20 cm",-153.13065150463,0.536140104199845
2020-07-04,"T3","Amb","5 cm",-83.3833501157407,2.48728156081153
2020-07-04,"T3","Elev","20 cm",-140.011765740741,0.944874862352264
2020-07-04,"T3","Elev","5 cm",-62.0342289351852,2.27612943419205
2020-07-05,"T3","Amb","20 cm",-151.101509837963,0.582520071110408
2020-07-05,"T3","Amb","5 cm",-99.2182460648148,1.24991404628474
2020-07-05,"T3","Elev","20 cm",-139.14871099537,0.925369292889699
2020-07-05,"T3","Elev","5 cm",-71.0234284722222,1.76109082872261
2020-07-06,"T3","Amb","20 cm",-152.831607696759,0.557232401638724
2020-07-06,"T3","Amb","5 cm",-112.033720196759,0.714203259932933
2020-07-06,"T3","Elev","20 cm",-141.12914068287,0.942412809143654
2020-07-06,"T3","Elev","5 cm",-79.9484174768519,1.49703467825606
2020-07-07,"T3","Amb","20 cm",-157.035870833333,0.31000868598635
2020-07-07,"T3","Amb","5 cm",-125.805560532407,0.740887929278651
2020-07-07,"T3","Elev","20 cm",-145.927825462963,0.943459159933404
2020-07-07,"T3","Elev","5 cm",-87.7019872685185,1.57595537803407
2020-07-08,"T3","Amb","20 cm",-150.370550347222,0.993002544588921
2020-07-08,"T3","Amb","5 cm",-120.687691203704,1.17729784019648
2020-07-08,"T3","Elev","20 cm",-134.950478877315,1.38052963451611
2020-07-08,"T3","Elev","5 cm",-81.7276292245371,2.07698038170298
2020-07-09,"T3","Amb","20 cm",-146.861259548611,1.10243828947001
2020-07-09,"T3","Amb","5 cm",-118.995486342593,1.30251069440793
2020-07-09,"T3","Elev","20 cm",-128.418699074074,1.41585746412731
2020-07-09,"T3","Elev","5 cm",-77.8165803819445,1.91827889826876
2020-07-10,"T3","Amb","20 cm",-147.567590509259,1.08408882623588
2020-07-10,"T3","Amb","5 cm",-122.901570833333,1.20726493556392
2020-07-10,"T3","Elev","20 cm",-129.017992013889,1.48994663802655
2020-07-10,"T3","Elev","5 cm",-82.0107179398148,1.8904032657303
2020-07-11,"T3","Amb","20 cm",-148.037747627315,1.06981840374304
2020-07-11,"T3","Amb","5 cm",-127.260117824074,1.45516747016221
2020-07-11,"T3","Elev","20 cm",-129.068604340278,1.54965471977702
2020-07-11,"T3","Elev","5 cm",-83.5445650462963,1.95284769861807
2020-07-12,"T3","Amb","20 cm",-148.997222858796,1.05124173993532
2020-07-12,"T3","Amb","5 cm",-131.86914693287,1.63815501578074
2020-07-12,"T3","Elev","20 cm",-130.013463599537,1.55903280472843
2020-07-12,"T3","Elev","5 cm",-84.7523287615741,1.96318285631107
2020-07-13,"T3","Amb","20 cm",-149.235711805556,1.11583410026646
2020-07-13,"T3","Amb","5 cm",-134.390539178241,1.69514114803849
2020-07-13,"T3","Elev","20 cm",-131.424071759259,1.35043188307094
2020-07-13,"T3","Elev","5 cm",-88.1308629050926,1.59899659924217
2020-07-14,"T3","Amb","20 cm",-150.725377951389,1.07802283891426
2020-07-14,"T3","Amb","5 cm",-137.538496354167,1.59709493737696
2020-07-14,"T3","Elev","20 cm",-134.340399363426,1.14762974701124
2020-07-14,"T3","Elev","5 cm",-92.0634847222223,1.37616062193949
2020-07-15,"T3","Amb","20 cm",-150.989035069444,1.00515066794742
2020-07-15,"T3","Amb","5 cm",-138.448030208333,1.51003442598476
2020-07-15,"T3","Elev","20 cm",-135.604879050926,1.07570309401528
2020-07-15,"T3","Elev","5 cm",-92.149371875,1.56358531676015
2020-07-16,"T3","Amb","20 cm",-150.522375752315,1.02174949777159
2020-07-16,"T3","Amb","5 cm",-139.77519537037,1.49801604349018
2020-07-16,"T3","Elev","20 cm",-135.431652199074,1.08876366996938
2020-07-16,"T3","Elev","5 cm",-94.4621777199074,1.48075718889467
2020-07-17,"T3","Amb","20 cm",-148.212122916667,1.22190661892287
2020-07-17,"T3","Amb","5 cm",-138.188931712963,1.60870579916333
2020-07-17,"T3","Elev","20 cm",-131.192261111111,1.13355714397648
2020-07-17,"T3","Elev","5 cm",-95.0422193287037,1.46240079015693
2020-07-18,"T3","Amb","20 cm",-151.381913136574,1.29590792073166
2020-07-18,"T3","Amb","5 cm",-140.829949363426,1.40671168471983
2020-07-18,"T3","Elev","20 cm",-133.29630787037,1.04011221517223
2020-07-18,"T3","Elev","5 cm",-99.0892133680555,1.36898114205202
2020-07-19,"T3","Amb","20 cm",-152.780022280093,1.38064429537247
2020-07-19,"T3","Amb","5 cm",-141.274872685185,1.31362042631069
2020-07-19,"T3","Elev","20 cm",-132.592493113426,0.864808705970406
2020-07-19,"T3","Elev","5 cm",-98.8470686921296,1.16656080434486
2020-07-20,"T3","Amb","20 cm",-153.029330729167,1.41860427557811
2020-07-20,"T3","Amb","5 cm",-142.751693287037,1.30466958989605
2020-07-20,"T3","Elev","20 cm",-132.224643576389,0.791967441546471
2020-07-20,"T3","Elev","5 cm",-100.57417962963,1.10000190291458
2020-07-21,"T3","Amb","20 cm",-155.290414525463,1.4318045068196
2020-07-21,"T3","Amb","5 cm",-145.87991880787,1.30969811029485
2020-07-21,"T3","Elev","20 cm",-134.718910821759,0.779263450585768
2020-07-21,"T3","Elev","5 cm",-104.149411342593,1.15422158476642
2020-07-22,"T3","Amb","20 cm",-155.059117418981,1.39900271319151
2020-07-22,"T3","Amb","5 cm",-146.8854390625,1.30394789727418
2020-07-22,"T3","Elev","20 cm",-134.210372569444,0.807680364942516
2020-07-22,"T3","Elev","5 cm",-104.653740451389,1.21288465752464
2020-07-23,"T3","Amb","20 cm",-155.715718473193,1.39860304273505
2020-07-23,"T3","Amb","5 cm",-148.992208857809,1.39057150179424
2020-07-23,"T3","Elev","20 cm",-133.243574941725,0.951095387841042
2020-07-23,"T3","Elev","5 cm",-105.416957867133,1.32667275200159
2020-07-24,"T3","Amb","20 cm",-156.474771643518,1.36444455776481
2020-07-24,"T3","Amb","5 cm",-151.122665219907,1.43474083047708
2020-07-24,"T3","Elev","20 cm",-132.23870625,1.13289605709133
2020-07-24,"T3","Elev","5 cm",-105.046276851852,1.50845606765958
2020-07-25,"T3","Amb","20 cm",-156.596021469907,1.31827039912154
2020-07-25,"T3","Amb","5 cm",-152.268889525463,1.42370261652564
2020-07-25,"T3","Elev","20 cm",-132.556326157407,1.10680373087789
2020-07-25,"T3","Elev","5 cm",-106.382226388889,1.50200393882553
2020-07-26,"T3","Amb","20 cm",-155.782002256944,1.35629853395861
2020-07-26,"T3","Amb","5 cm",-153.011147743056,1.51873180919674
2020-07-26,"T3","Elev","20 cm",-131.487332002315,1.08979238299435
2020-07-26,"T3","Elev","5 cm",-107.387783969907,1.48654485996787
2020-07-27,"T3","Amb","20 cm",-156.414295081019,1.38058219113943
2020-07-27,"T3","Amb","5 cm",-154.441038020833,1.52396367433818
2020-07-27,"T3","Elev","20 cm",-132.228630266204,1.12668709963861
2020-07-27,"T3","Elev","5 cm",-109.294408159722,1.45971772312065
2020-07-28,"T3","Amb","20 cm",-155.936269386574,1.3865414228961
2020-07-28,"T3","Amb","5 cm",-155.084559837963,1.52976263318563
2020-07-28,"T3","Elev","20 cm",-131.836880497685,1.1235005209476
2020-07-28,"T3","Elev","5 cm",-110.343914699074,1.42205487298527
2020-07-29,"T3","Amb","20 cm",-157.100146990741,1.39076007879415
2020-07-29,"T3","Amb","5 cm",-156.865954398148,1.52908636587679
2020-07-29,"T3","Elev","20 cm",-132.760862037037,1.1412771053333
2020-07-29,"T3","Elev","5 cm",-111.990582175926,1.37897890564623
2020-07-30,"T3","Amb","20 cm",-156.486038946759,1.38993813856737
2020-07-30,"T3","Amb","5 cm",-156.456118518519,1.53313433411519
2020-07-30,"T3","Elev","20 cm",-131.811636168981,1.15406253450202
2020-07-30,"T3","Elev","5 cm",-111.700739988426,1.36004438130164
2020-07-31,"T3","Amb","20 cm",-155.3744046875,1.41701637656299
2020-07-31,"T3","Amb","5 cm",-155.350896354167,1.54174256240025
2020-07-31,"T3","Elev","20 cm",-130.432160648148,1.18131596442098
2020-07-31,"T3","Elev","5 cm",-111.797127314815,1.4487761075131
2020-08-01,"T3","Amb","20 cm",-158.261506423611,1.40096313805954
2020-08-01,"T3","Amb","5 cm",-158.373081597222,1.45369289045034
2020-08-01,"T3","Elev","20 cm",-133.248563715278,1.15394706955161
2020-08-01,"T3","Elev","5 cm",-115.820302430556,1.47655519203757
2020-08-02,"T3","Amb","20 cm",-156.327053298611,1.48700682126068
2020-08-02,"T3","Amb","5 cm",-157.724264236111,1.52422561137771
2020-08-02,"T3","Elev","20 cm",-131.025369444444,1.19200297349925
2020-08-02,"T3","Elev","5 cm",-114.953440972222,1.47715049788318
2020-08-03,"T3","Amb","20 cm",-157.371486400463,1.48637087854394
2020-08-03,"T3","Amb","5 cm",-159.140894502315,1.51623600062093
2020-08-03,"T3","Elev","20 cm",-131.829191898148,1.18373013120734
2020-08-03,"T3","Elev","5 cm",-115.815916087963,1.4734824429826
2020-08-04,"T3","Amb","20 cm",-159.921643460648,1.46283090333395
2020-08-04,"T3","Amb","5 cm",-161.468321643519,1.48691936136121
2020-08-04,"T3","Elev","20 cm",-134.099952777778,1.1571684240009
2020-08-04,"T3","Elev","5 cm",-118.025447974537,1.47266063578713
2020-08-05,"T3","Amb","20 cm",-160.236,1.43892101662735
2020-08-05,"T3","Amb","5 cm",-162.614938888889,1.50678922688385
2020-08-05,"T3","Elev","20 cm",-134.633369502315,1.16147113546257
2020-08-05,"T3","Elev","5 cm",-119.069255555556,1.4813693262895
2020-08-06,"T3","Amb","20 cm",-159.849132291667,1.43634640567158
2020-08-06,"T3","Amb","5 cm",-163.281336111111,1.54472838179654
2020-08-06,"T3","Elev","20 cm",-134.079196238426,1.18806102603801
2020-08-06,"T3","Elev","5 cm",-119.020595486111,1.51072402565181
2020-08-07,"T3","Amb","20 cm",-159.525780150463,1.44249857148863
2020-08-07,"T3","Amb","5 cm",-163.74589537037,1.55897499942347
2020-08-07,"T3","Elev","20 cm",-133.582855671296,1.19343966729458
2020-08-07,"T3","Elev","5 cm",-119.505090740741,1.50750786962935
2020-08-08,"T3","Amb","20 cm",-159.929081655093,1.44459624005745
2020-08-08,"T3","Amb","5 cm",-164.807021006944,1.54286733820357
2020-08-08,"T3","Elev","20 cm",-133.624707581019,1.20105527767976
2020-08-08,"T3","Elev","5 cm",-121.1284640625,1.49233873092494
2020-08-09,"T3","Amb","20 cm",-159.745872453704,1.46319223202978
2020-08-09,"T3","Amb","5 cm",-165.26716875,1.5745361819419
2020-08-09,"T3","Elev","20 cm",-133.171405960648,1.2193851167621
2020-08-09,"T3","Elev","5 cm",-121.375940451389,1.52028203338345
2020-08-10,"T3","Amb","20 cm",-159.300631944444,1.50700817176483
2020-08-10,"T3","Amb","5 cm",-166.107274016204,1.62239497898686
2020-08-10,"T3","Elev","20 cm",-132.407807060185,1.24296475389478
2020-08-10,"T3","Elev","5 cm",-122.355012962963,1.52545952048187
2020-08-11,"T3","Amb","20 cm",-159.738343576389,1.5406540395917
2020-08-11,"T3","Amb","5 cm",-168.054990798611,1.71139597865929
2020-08-11,"T3","Elev","20 cm",-132.349433333333,1.2609967103764
2020-08-11,"T3","Elev","5 cm",-123.9343265625,1.53171130612649
2020-08-12,"T3","Amb","20 cm",-160.508680902778,1.5749107322291
2020-08-12,"T3","Amb","5 cm",-170.201872800926,1.78333309241252
2020-08-12,"T3","Elev","20 cm",-132.625573206019,1.26692262941122
2020-08-12,"T3","Elev","5 cm",-125.836217013889,1.52348064056935
2020-08-13,"T3","Amb","20 cm",-162.234319675926,1.59154008839163
2020-08-13,"T3","Amb","5 cm",-173.403774479167,1.97711178255681
2020-08-13,"T3","Elev","20 cm",-133.525824594907,1.26635382286898
2020-08-13,"T3","Elev","5 cm",-128.109861111111,1.44799962451823
2020-08-14,"T3","Amb","20 cm",-164.990339525463,1.62491346394925
2020-08-14,"T3","Amb","5 cm",-175.982416435185,1.84730006499746
2020-08-14,"T3","Elev","20 cm",-136.116215162037,1.24634872158736
2020-08-14,"T3","Elev","5 cm",-131.545103009259,1.42826682420173
2020-08-15,"T3","Amb","20 cm",-165.691907002315,1.63948127695392
2020-08-15,"T3","Amb","5 cm",-176.787604282407,1.84461776416613
2020-08-15,"T3","Elev","20 cm",-136.557527951389,1.23070070519445
2020-08-15,"T3","Elev","5 cm",-132.030523668981,1.45974673667117
2020-08-16,"T3","Amb","20 cm",-164.646902719907,1.63158171612324
2020-08-16,"T3","Amb","5 cm",-176.460592766204,1.87350914775444
2020-08-16,"T3","Elev","20 cm",-135.133765277778,1.26308273474314
2020-08-16,"T3","Elev","5 cm",-131.152521469907,1.51031749737694
2020-08-17,"T3","Amb","20 cm",-164.426687268519,1.5686624163991
2020-08-17,"T3","Amb","5 cm",-176.909110590278,1.82750914362994
2020-08-17,"T3","Elev","20 cm",-134.819994328704,1.22178159489559
2020-08-17,"T3","Elev","5 cm",-131.104911111111,1.50493280004166
2020-08-18,"T3","Amb","20 cm",-163.319155150463,1.58997793732831
2020-08-18,"T3","Amb","5 cm",-176.966144097222,1.88457343751042
2020-08-18,"T3","Elev","20 cm",-133.855560127315,1.26165280173734
2020-08-18,"T3","Elev","5 cm",-131.63260931713,1.52418184619038
2020-08-19,"T3","Amb","20 cm",-164.144366493056,1.40069880871
2020-08-19,"T3","Amb","5 cm",-178.844716087963,1.73941822704148
2020-08-19,"T3","Elev","20 cm",-134.619764409722,1.19217686718418
2020-08-19,"T3","Elev","5 cm",-133.352998553241,1.50621240089749
2020-08-20,"T3","Amb","20 cm",-164.556925694444,1.30977918872149
2020-08-20,"T3","Amb","5 cm",-178.721714467593,1.60824224010292
2020-08-20,"T3","Elev","20 cm",-135.654263020833,1.09885701609395
2020-08-20,"T3","Elev","5 cm",-134.210245081019,1.48929808631003
2020-08-21,"T3","Amb","20 cm",-163.059569155093,1.29323254358045
2020-08-21,"T3","Amb","5 cm",-177.788540914352,1.58159874327904
2020-08-21,"T3","Elev","20 cm",-135.185620486111,1.03066887563643
2020-08-21,"T3","Elev","5 cm",-133.531670659722,1.51466202619136
2020-08-22,"T3","Amb","20 cm",-161.943433275463,1.17575060923892
2020-08-22,"T3","Amb","5 cm",-178.042847627315,1.43448757673659
2020-08-22,"T3","Elev","20 cm",-134.812322800926,0.993919153880799
2020-08-22,"T3","Elev","5 cm",-134.216681134259,1.50567613911434
2020-08-23,"T3","Amb","20 cm",-161.296273668981,1.15421679081673
2020-08-23,"T3","Amb","5 cm",-177.89012818287,1.37525101584079
2020-08-23,"T3","Elev","20 cm",-134.216939525463,1.00297326141679
2020-08-23,"T3","Elev","5 cm",-134.37323912037,1.49830161973155
2020-08-24,"T3","Amb","20 cm",-161.096009664352,1.15127308678505
2020-08-24,"T3","Amb","5 cm",-177.275036979167,1.29590980131348
2020-08-24,"T3","Elev","20 cm",-134.335434375,1.02111892353485
2020-08-24,"T3","Elev","5 cm",-135.49982818287,1.51633151811173
2020-08-25,"T3","Amb","20 cm",-162.328568229167,1.15720712567471
2020-08-25,"T3","Amb","5 cm",-177.74605162037,1.2071330272735
2020-08-25,"T3","Elev","20 cm",-135.429632349537,1.00862803415969
2020-08-25,"T3","Elev","5 cm",-136.857884143519,1.5400100002861
2020-08-26,"T3","Amb","20 cm",-165.801255266204,1.17526370665888
2020-08-26,"T3","Amb","5 cm",-179.21598587963,1.12809717099819
2020-08-26,"T3","Elev","20 cm",-138.222019965278,0.978718163117359
2020-08-26,"T3","Elev","5 cm",-139.480748900463,1.52172283776465
2020-08-27,"T3","Amb","20 cm",-164.852767418981,1.1970683871929
2020-08-27,"T3","Amb","5 cm",-176.880013368056,1.18008311248466
2020-08-27,"T3","Elev","20 cm",-137.230804861111,1.00725293990373
2020-08-27,"T3","Elev","5 cm",-138.934312210648,1.56971159968401
2020-08-28,"T3","Amb","20 cm",-165.489183738426,1.22168110539129
2020-08-28,"T3","Amb","5 cm",-176.881347106481,1.20741648466032
2020-08-28,"T3","Elev","20 cm",-137.595836921296,1.01493845096371
2020-08-28,"T3","Elev","5 cm",-139.989104282407,1.58096812206454
2020-08-29,"T3","Amb","20 cm",-165.15915318287,1.2499795759622
2020-08-29,"T3","Amb","5 cm",-172.018423206019,1.33570670758379
2020-08-29,"T3","Elev","20 cm",-137.11323912037,1.03748986175499
2020-08-29,"T3","Elev","5 cm",-139.129269386574,1.59357258081905
2020-08-30,"T3","Amb","20 cm",-170.81299849537,1.25303257627865
2020-08-30,"T3","Amb","5 cm",-160.820607239583,2.48838852548638
2020-08-30,"T3","Elev","20 cm",-142.334804398148,0.946117572749508
2020-08-30,"T3","Elev","5 cm",-142.522999594907,1.45875403500165
2020-08-31,"T3","Amb","20 cm",-170.022573668981,1.2911290939449
2020-08-31,"T3","Amb","5 cm",-140.836040972222,4.37413749402131
2020-08-31,"T3","Elev","20 cm",-141.492659518883,0.998757418350329
2020-08-31,"T3","Elev","5 cm",-139.6070525,1.4759272637809
2020-09-01,"T3","Amb","20 cm",-168.674719791667,1.28133012545996
2020-09-01,"T3","Amb","5 cm",-144.694638993056,3.70201000875495
2020-09-01,"T3","Elev","20 cm",-137.135744560185,1.51394052907007
2020-09-01,"T3","Elev","5 cm",-134.855992592593,1.97005096641697
2020-09-02,"T3","Amb","20 cm",-167.045219733796,1.31151079575948
2020-09-02,"T3","Amb","5 cm",-160.919976412037,2.31353916507731
2020-09-02,"T3","Elev","20 cm",-123.872397685185,2.79656692132178
2020-09-02,"T3","Elev","5 cm",-122.801043576389,3.28594659437079
2020-09-03,"T3","Amb","20 cm",-165.913305787037,1.34302332448011
2020-09-03,"T3","Amb","5 cm",-167.03702806713,1.43398084480786
2020-09-03,"T3","Elev","20 cm",-122.732191319444,2.86746291176274
2020-09-03,"T3","Elev","5 cm",-122.403069039352,3.36774675951749
2020-09-04,"T3","Amb","20 cm",-168.997440104167,1.33486172385605
2020-09-04,"T3","Amb","5 cm",-169.97461244213,1.34605508680713
2020-09-04,"T3","Elev","20 cm",-124.687841030093,2.91617236449263
2020-09-04,"T3","Elev","5 cm",-125.2048859375,3.4132057271364
2020-09-05,"T3","Amb","20 cm",-175.014065856481,1.29842391184822
2020-09-05,"T3","Amb","5 cm",-172.809704456019,1.26627793797932
2020-09-05,"T3","Elev","20 cm",-127.831623611111,3.07330966383775
2020-09-05,"T3","Elev","5 cm",-125.472465277778,3.55579692859336
2020-09-06,"T3","Amb","20 cm",-174.170927662037,1.28332111478414
2020-09-06,"T3","Amb","5 cm",-168.588706018519,1.32039465377334
2020-09-06,"T3","Elev","20 cm",-126.156334548611,3.14202375346799
2020-09-06,"T3","Elev","5 cm",-121.161037962963,3.62217631173938
2020-09-07,"T3","Amb","20 cm",-173.731255381944,1.29486792321468
2020-09-07,"T3","Amb","5 cm",-166.109940509259,1.38785771810818
2020-09-07,"T3","Elev","20 cm",-125.283694849537,3.1697424301274
2020-09-07,"T3","Elev","5 cm",-119.662972164352,3.6259302712732
2020-09-08,"T3","Amb","20 cm",-172.320829398148,1.31539955064901
2020-09-08,"T3","Amb","5 cm",-163.179350868056,1.49770623225013
2020-09-08,"T3","Elev","20 cm",-124.617690451389,3.14810533961666
2020-09-08,"T3","Elev","5 cm",-117.698132696759,3.55167486156068
2020-09-09,"T3","Amb","20 cm",-167.999161979167,1.36514482224858
2020-09-09,"T3","Amb","5 cm",-159.414233391204,1.62038797180615
2020-09-09,"T3","Elev","20 cm",-121.813128472222,3.06636819176694
2020-09-09,"T3","Elev","5 cm",-115.162528819444,3.45385404774456
2020-09-10,"T3","Amb","20 cm",-167.328422164352,1.39773970832976
2020-09-10,"T3","Amb","5 cm",-158.148524710648,1.66740638431288
2020-09-10,"T3","Elev","20 cm",-121.586546527778,3.04766203089622
2020-09-10,"T3","Elev","5 cm",-115.158404803241,3.43011716499214
2020-09-11,"T3","Amb","20 cm",-172.640119502315,1.38778636561893
2020-09-11,"T3","Amb","5 cm",-163.125946875,1.5725407012959
2020-09-11,"T3","Elev","20 cm",-125.125130902778,3.11005751353235
2020-09-11,"T3","Elev","5 cm",-119.08741244213,3.44886400549305
2020-09-12,"T3","Amb","20 cm",-176.507645659722,1.40014935621744
2020-09-12,"T3","Amb","5 cm",-164.725940393518,1.51820117135191
2020-09-12,"T3","Elev","20 cm",-126.868075810185,3.18486452725457
2020-09-12,"T3","Elev","5 cm",-119.1529796875,3.48321018932744
2020-09-13,"T3","Amb","20 cm",-174.924058217593,1.37512397017336
2020-09-13,"T3","Amb","5 cm",-160.929120833333,1.54551132260771
2020-09-13,"T3","Elev","20 cm",-124.956625694444,3.28216781810756
2020-09-13,"T3","Elev","5 cm",-117.907065509259,3.76709107415788
2020-09-14,"T3","Amb","20 cm",-176.174733043981,1.36873178196701
2020-09-14,"T3","Amb","5 cm",-162.161657407407,1.56444704452038
2020-09-14,"T3","Elev","20 cm",-125.875574363426,3.2969858270935
2020-09-14,"T3","Elev","5 cm",-118.910069907407,3.7569625077367
2020-09-15,"T3","Amb","20 cm",-181.111633506944,1.29847860004519
2020-09-15,"T3","Amb","5 cm",-163.916411516204,1.46362813015372
2020-09-15,"T3","Elev","20 cm",-127.886078125,3.47363339057493
2020-09-15,"T3","Elev","5 cm",-116.895768518519,3.93033875167673
2020-09-16,"T3","Amb","20 cm",-178.585361574074,1.31204762796592
2020-09-16,"T3","Amb","5 cm",-158.874360069444,1.53296500769705
2020-09-16,"T3","Elev","20 cm",-125.893062326389,3.48011850146732
2020-09-16,"T3","Elev","5 cm",-112.970618923611,3.96363340132194
2020-09-17,"T3","Amb","20 cm",-175.34331412037,1.27796163321696
2020-09-17,"T3","Amb","5 cm",-155.826002199074,1.59555024966487
2020-09-17,"T3","Elev","20 cm",-123.381712152778,3.39513019569573
2020-09-17,"T3","Elev","5 cm",-111.052223958333,3.83910306675947
2020-09-18,"T3","Amb","20 cm",-178.090805034722,1.1523916054156
2020-09-18,"T3","Amb","5 cm",-159.087120543981,1.45097176295649
2020-09-18,"T3","Elev","20 cm",-125.744537962963,3.27729093577792
2020-09-18,"T3","Elev","5 cm",-113.880298900463,3.65814677735282
2020-09-19,"T3","Amb","20 cm",-182.303665740741,1.12978575669975
2020-09-19,"T3","Amb","5 cm",-159.267382349537,1.42891500112787
2020-09-19,"T3","Elev","20 cm",-127.590796180556,3.5057338657084
2020-09-19,"T3","Elev","5 cm",-111.587658217593,3.94392391703683
2020-09-20,"T3","Amb","20 cm",-181.292988831019,1.12448195635248
2020-09-20,"T3","Amb","5 cm",-154.075755439815,1.46951704647424
2020-09-20,"T3","Elev","20 cm",-126.613108622685,3.536845835437
2020-09-20,"T3","Elev","5 cm",-107.134245717593,4.07659338106607
2020-09-21,"T3","Amb","20 cm",-180.467592997685,1.09515850008653
2020-09-21,"T3","Amb","5 cm",-151.441899247685,1.47590262634751
2020-09-21,"T3","Elev","20 cm",-125.97077193287,3.54192567117648
2020-09-21,"T3","Elev","5 cm",-105.050421585648,4.09326126670923
2020-09-22,"T3","Amb","20 cm",-179.331231770833,1.07734956719278
2020-09-22,"T3","Amb","5 cm",-149.610110358796,1.34229582357594
2020-09-22,"T3","Elev","20 cm",-124.695188310185,3.58062615771569
2020-09-22,"T3","Elev","5 cm",-102.630269097222,4.14570745010455
2020-09-23,"T3","Amb","20 cm",-177.440061747685,1.0494516729982
2020-09-23,"T3","Amb","5 cm",-147.326582175926,1.39699305959026
2020-09-23,"T3","Elev","20 cm",-123.608492881944,3.52093118920045
2020-09-23,"T3","Elev","5 cm",-101.567591145833,4.0625277540807
2020-09-24,"T3","Amb","20 cm",-176.944711805556,1.05000788791233
2020-09-24,"T3","Amb","5 cm",-148.330554398148,1.34996889531793
2020-09-24,"T3","Elev","20 cm",-123.761116203704,3.51108197215895
2020-09-24,"T3","Elev","5 cm",-102.653195775463,4.08665574544736
2020-09-25,"T3","Amb","20 cm",-176.205016435185,1.0429749994217
2020-09-25,"T3","Amb","5 cm",-145.62656568287,1.47453967447244
2020-09-25,"T3","Elev","20 cm",-123.55295005787,3.51568038911593
2020-09-25,"T3","Elev","5 cm",-101.203913368056,4.04524281163726
2020-09-26,"T3","Amb","20 cm",-173.945344849537,1.03023836420517
2020-09-26,"T3","Amb","5 cm",-144.363000925926,1.52860333320498
2020-09-26,"T3","Elev","20 cm",-122.295419212963,3.47564979771753
2020-09-26,"T3","Elev","5 cm",-99.8571758101852,3.96125517911653
2020-09-27,"T3","Amb","20 cm",-174.322143229167,1.01456299290793
2020-09-27,"T3","Amb","5 cm",-144.960467997685,1.57027772004313
2020-09-27,"T3","Elev","20 cm",-123.103169849537,3.44063291207879
2020-09-27,"T3","Elev","5 cm",-101.53239525463,3.8664475649343
2020-09-28,"T3","Amb","20 cm",-174.872063946759,1.02638528257252
2020-09-28,"T3","Amb","5 cm",-145.2883015625,1.62883515786561
2020-09-28,"T3","Elev","20 cm",-123.889328877315,3.46341353314879
2020-09-28,"T3","Elev","5 cm",-101.454671412037,3.92453222937979
2020-09-29,"T3","Amb","20 cm",-175.153997916667,1.05917862094443
2020-09-29,"T3","Amb","5 cm",-146.897724189815,1.63173902985328
2020-09-29,"T3","Elev","20 cm",-123.853003761574,3.50217265100982
2020-09-29,"T3","Elev","5 cm",-102.057813020833,4.00398647097445
2020-09-30,"T3","Amb","20 cm",-179.993191840278,1.10273261520156
2020-09-30,"T3","Amb","5 cm",-149.497669502315,1.63309228345377
2020-09-30,"T3","Elev","20 cm",-126.670914351852,3.63178899241641
2020-09-30,"T3","Elev","5 cm",-103.036052662037,4.12219788079959
2020-10-01,"T3","Amb","20 cm",-180.207497222222,1.09250905834878
2020-10-01,"T3","Amb","5 cm",-146.187927835648,1.73751609421698
2020-10-01,"T3","Elev","20 cm",-126.673056655093,3.64401343957108
2020-10-01,"T3","Elev","5 cm",-99.3204942708334,4.21816626690224
2020-10-02,"T3","Amb","20 cm",-181.285376678241,1.08780755135503
2020-10-02,"T3","Amb","5 cm",-145.144921701389,1.76908289548944
2020-10-02,"T3","Elev","20 cm",-126.83265619213,3.70971704286587
2020-10-02,"T3","Elev","5 cm",-94.795940625,4.59414293779031
2020-10-03,"T3","Amb","20 cm",-182.713073321759,1.0534971537172
2020-10-03,"T3","Amb","5 cm",-141.960853761574,1.87311782724424
2020-10-03,"T3","Elev","20 cm",-126.034446469907,3.8595283667166
2020-10-03,"T3","Elev","5 cm",-88.6205507523148,4.97866912219171
2020-10-04,"T3","Amb","20 cm",-181.637223553241,1.00224309062753
2020-10-04,"T3","Amb","5 cm",-138.198539872685,1.97961965878211
2020-10-04,"T3","Elev","20 cm",-124.708151388889,3.88261721591161
2020-10-04,"T3","Elev","5 cm",-85.6218164930556,5.05302485876265
2020-10-05,"T3","Amb","20 cm",-180.514703703704,0.976423351855598
2020-10-05,"T3","Amb","5 cm",-136.961635474537,1.99757985198086
2020-10-05,"T3","Elev","20 cm",-124.12165005787,3.8200170002652
2020-10-05,"T3","Elev","5 cm",-87.9023603009259,4.51590383671044
2020-10-06,"T3","Amb","20 cm",-180.090815219907,0.963607902380948
2020-10-06,"T3","Amb","5 cm",-135.029845335648,1.97752270223822
2020-10-06,"T3","Elev","20 cm",-124.275275,3.77581272002329
2020-10-06,"T3","Elev","5 cm",-87.2840206597222,4.36643017610537
2020-10-07,"T3","Amb","20 cm",-178.812963136574,0.987603765300373
2020-10-07,"T3","Amb","5 cm",-132.88372197338,2.0393215784842
2020-10-07,"T3","Elev","20 cm",-123.748322627315,3.68999866149019
2020-10-07,"T3","Elev","5 cm",-85.8516232638889,4.20166060504459
2020-10-08,"T3","Amb","20 cm",-180.667416550926,0.98996272200031
2020-10-08,"T3","Amb","5 cm",-133.221078425926,2.04331926647636
2020-10-08,"T3","Elev","20 cm",-124.717847453704,3.80624239364355
2020-10-08,"T3","Elev","5 cm",-85.8159936921297,4.31107544343332
2020-10-09,"T3","Amb","20 cm",-180.944041493056,0.993499629554404
2020-10-09,"T3","Amb","5 cm",-130.110593420139,2.12619325056811
2020-10-09,"T3","Elev","20 cm",-124.236429282407,3.88340115050355
2020-10-09,"T3","Elev","5 cm",-82.585621875,4.40226062223275
2020-10-10,"T3","Amb","20 cm",-178.401081655093,0.964770651504868
2020-10-10,"T3","Amb","5 cm",-126.690097523148,2.23651628654448
2020-10-10,"T3","Elev","20 cm",-122.666370081019,3.78151476664923
2020-10-10,"T3","Elev","5 cm",-78.1331891782407,4.59104748794862
2020-10-11,"T3","Amb","20 cm",-174.72440162037,0.966662922446877
2020-10-11,"T3","Amb","5 cm",-125.563753142361,2.21529705194318
2020-10-11,"T3","Elev","20 cm",-120.513918576389,3.65066378979167
2020-10-11,"T3","Elev","5 cm",-76.8280776041667,4.36686496497813
2020-10-12,"T3","Amb","20 cm",-175.891805092593,0.970080189582284
2020-10-12,"T3","Amb","5 cm",-131.083635474537,1.8317089707595
2020-10-12,"T3","Elev","20 cm",-121.759116030093,3.63592440308071
2020-10-12,"T3","Elev","5 cm",-80.5284765625,3.98658488254549
2020-10-13,"T3","Amb","20 cm",-178.734029918981,0.97509509648018
2020-10-13,"T3","Amb","5 cm",-134.636013310185,1.66625398763664
2020-10-13,"T3","Elev","20 cm",-125.716327199074,3.45702759904882
2020-10-13,"T3","Elev","5 cm",-85.0677732638889,3.77268735112469
2020-10-14,"T3","Amb","20 cm",-180.45323912037,0.968533858160274
2020-10-14,"T3","Amb","5 cm",-133.320314988426,1.74625426691712
2020-10-14,"T3","Elev","20 cm",-126.67479681713,3.53906358261999
2020-10-14,"T3","Elev","5 cm",-82.6652999421296,3.76934130300724
2020-10-15,"T3","Amb","20 cm",-178.884025405093,0.961320783424522
2020-10-15,"T3","Amb","5 cm",-130.501155729167,1.89592577365447
2020-10-15,"T3","Elev","20 cm",-125.283068113426,3.52435872096928
2020-10-15,"T3","Elev","5 cm",-80.4279697916667,3.74136630656683
2020-10-16,"T3","Amb","20 cm",-179.894149826389,0.993669999680459
2020-10-16,"T3","Amb","5 cm",-132.350600752315,1.91275157595441
2020-10-16,"T3","Elev","20 cm",-126.405788310185,3.49119130261817
2020-10-16,"T3","Elev","5 cm",-82.7895697337963,3.73350168439484
2020-10-17,"T3","Amb","20 cm",-182.608681365741,0.989587477857421
2020-10-17,"T3","Amb","5 cm",-130.508257320602,2.06747903769164
2020-10-17,"T3","Elev","20 cm",-128.5221015625,3.5159388098647
2020-10-17,"T3","Elev","5 cm",-82.3082663194444,3.78377201511165
2020-10-18,"T3","Amb","20 cm",-181.902129398148,0.953838355814103
2020-10-18,"T3","Amb","5 cm",-124.193894832176,2.2810650937448
2020-10-18,"T3","Elev","20 cm",-128.410631351981,3.47767861216527
2020-10-18,"T3","Elev","5 cm",-79.675923018648,3.82725636491227
2020-10-19,"T3","Amb","20 cm",-179.528340277778,0.944265363439599
2020-10-19,"T3","Amb","5 cm",-123.606683009259,2.23230972347
2020-10-19,"T3","Elev","20 cm",-126.337067592593,3.43930770601134
2020-10-19,"T3","Elev","5 cm",-79.4850887731481,3.78771886804492
2020-10-20,"T3","Amb","20 cm",-176.308924537037,1.08553290482375
2020-10-20,"T3","Amb","5 cm",-121.116649207176,2.4533523885692
2020-10-20,"T3","Elev","20 cm",-124.15840630787,3.38680269613647
2020-10-20,"T3","Elev","5 cm",-78.7930810763889,3.69570496662967
2020-10-21,"T3","Amb","20 cm",-165.084246585648,1.14500625407225
2020-10-21,"T3","Amb","5 cm",-110.040740607639,2.73474943754451
2020-10-21,"T3","Elev","20 cm",-116.945087094907,3.15222131204827
2020-10-21,"T3","Elev","5 cm",-71.6563047453704,3.45916216276228
2020-10-22,"T3","Amb","20 cm",-173.516317881944,1.00717604253809
2020-10-22,"T3","Amb","5 cm",-117.264738541667,2.59571805231997
2020-10-22,"T3","Elev","20 cm",-122.42627806713,3.31872734039487
2020-10-22,"T3","Elev","5 cm",-77.2423098379629,3.63505184388802
2020-10-23,"T3","Amb","20 cm",-175.990482928241,0.989242545538841
2020-10-23,"T3","Amb","5 cm",-119.724199883681,2.54811303102165
2020-10-23,"T3","Elev","20 cm",-124.252256423611,3.37367186565854
2020-10-23,"T3","Elev","5 cm",-78.2037360532407,3.69887948895219
2020-10-24,"T3","Amb","20 cm",-178.021543055556,1.02140759042059
2020-10-24,"T3","Amb","5 cm",-120.841594010417,2.54382464969142
2020-10-24,"T3","Elev","20 cm",-125.916695486111,3.41834213032135
2020-10-24,"T3","Elev","5 cm",-78.5877918402778,3.77679436022862
2020-10-25,"T3","Amb","20 cm",-165.827367881944,1.28627249676116
2020-10-25,"T3","Amb","5 cm",-105.791822930671,3.03738177248182
2020-10-25,"T3","Elev","20 cm",-117.668854918982,3.2418056321486
2020-10-25,"T3","Elev","5 cm",-66.2978465277777,3.59759239485939
2020-10-26,"T3","Amb","20 cm",-170.020720081019,1.01613789496351
2020-10-26,"T3","Amb","5 cm",-106.297563548727,2.96263783413481
2020-10-26,"T3","Elev","20 cm",-120.05632505787,3.35707919730033
2020-10-26,"T3","Elev","5 cm",-66.3369523726851,3.74216684751374
2020-10-27,"T3","Amb","20 cm",-174.955019791667,1.0392525514241
2020-10-27,"T3","Amb","5 cm",-110.714044042245,2.93882999151999
2020-10-27,"T3","Elev","20 cm",-123.49957662037,3.43954379059406
2020-10-27,"T3","Elev","5 cm",-69.1779454861111,3.94228363183944
2020-10-28,"T3","Amb","20 cm",-177.468131944444,0.98858875411432
2020-10-28,"T3","Amb","5 cm",-113.130883253241,2.96550020909746
2020-10-28,"T3","Elev","20 cm",-125.403698611111,3.44230650111782
2020-10-28,"T3","Elev","5 cm",-72.4671449074074,3.8640290463842
2020-10-29,"T3","Amb","20 cm",-160.24785005787,1.15322755428451
2020-10-29,"T3","Amb","5 cm",-98.0438799026041,3.2829100509747
2020-10-29,"T3","Elev","20 cm",-114.415372511574,3.09475241426884
2020-10-29,"T3","Elev","5 cm",-61.6036369791667,3.39786949246362
2020-10-30,"T3","Amb","20 cm",-171.916444270833,1.24169226627426
2020-10-30,"T3","Amb","5 cm",-112.373430667187,2.72839106966398
2020-10-30,"T3","Elev","20 cm",-121.825917708333,3.41013850073975
2020-10-30,"T3","Elev","5 cm",-67.2771538194445,3.7676967418126
2020-10-31,"T3","Amb","20 cm",-164.050950810185,1.56557455563909
2020-10-31,"T3","Amb","5 cm",-99.528740228588,3.22643762762184
2020-10-31,"T3","Elev","20 cm",-116.758877430556,3.31846274761469
2020-10-31,"T3","Elev","5 cm",-58.0894273726852,3.69566192867854
2020-11-01,"T3","Amb","20 cm",-149.357046256039,1.05066608411138
2020-11-01,"T3","Amb","5 cm",-85.5620395133454,3.23600514086623
2020-11-01,"T3","Elev","20 cm",-107.676194768856,2.9057892876559
2020-11-01,"T3","Elev","5 cm",-47.9375424574209,3.25043411566613
2020-11-02,"T3","Amb","20 cm",-144.811981425532,5.18315499114043
2020-11-02,"T3","Amb","5 cm",-79.9900773768676,5.28814422504665
2020-11-02,"T3","Elev","20 cm",-101.372531215447,4.65806679290985
2020-11-02,"T3","Elev","5 cm",-37.55893785,5.0002246634987
2020-11-03,"T3","Amb","20 cm",-146.767578324016,4.82272175964747
2020-11-03,"T3","Amb","5 cm",-81.998660770949,4.99705334764734
2020-11-03,"T3","Elev","20 cm",-102.98974759838,4.41757275990307
2020-11-03,"T3","Elev","5 cm",-25.9617043981482,5.67531952991989
2020-11-04,"T3","Amb","20 cm",-142.628515891572,4.52860726112203
2020-11-04,"T3","Amb","5 cm",-76.8029156862853,4.84972640437521
2020-11-04,"T3","Elev","20 cm",-100.500733211806,4.17390903821555
2020-11-04,"T3","Elev","5 cm",-18.8019702256944,5.78259790798626
2020-11-05,"T3","Amb","20 cm",-152.484304803241,1.16660231734229
2020-11-05,"T3","Amb","5 cm",-86.5863606083334,3.28777596073048
2020-11-05,"T3","Elev","20 cm",-108.266141840278,3.14428626754201
2020-11-05,"T3","Elev","5 cm",-25.7942866898148,5.63089486509648
2020-11-06,"T3","Amb","20 cm",-152.40083744213,1.18233528897685
2020-11-06,"T3","Amb","5 cm",-87.6793725393518,3.31851963881318
2020-11-06,"T3","Elev","20 cm",-108.184119618056,3.18760427883996
2020-11-06,"T3","Elev","5 cm",-33.3040051504629,5.10721985270733
2020-11-07,"T3","Amb","20 cm",-154.257531365741,1.14064173036079
2020-11-07,"T3","Amb","5 cm",-87.8409729990162,3.32872543986674
2020-11-07,"T3","Elev","20 cm",-107.671234664352,3.29344990878694
2020-11-07,"T3","Elev","5 cm",-32.2801143518519,5.20793395685752
2020-11-08,"T3","Amb","20 cm",-153.205536111111,0.903983146141647
2020-11-08,"T3","Amb","5 cm",-86.0136256113484,3.24651909819425
2020-11-08,"T3","Elev","20 cm",-107.132640104167,3.03284911968924
2020-11-08,"T3","Elev","5 cm",-30.6380251736111,4.94350999097075
2020-11-09,"T3","Amb","20 cm",-151.959000289352,0.886221444262305
2020-11-09,"T3","Amb","5 cm",-84.5600685341435,3.2697644772025
2020-11-09,"T3","Elev","20 cm",-107.536263715278,2.95830186606308
2020-11-09,"T3","Elev","5 cm",-37.1070210648148,4.28327565499574
2020-11-10,"T3","Amb","20 cm",-151.672230497685,0.918782913948124
2020-11-10,"T3","Amb","5 cm",-84.8395468944444,3.32621000503375
2020-11-10,"T3","Elev","20 cm",-106.760888599537,3.08760303417245
2020-11-10,"T3","Elev","5 cm",-41.8567396412037,3.94303575960102
2020-11-11,"T3","Amb","20 cm",-148.565158159722,0.87739678849092
2020-11-11,"T3","Amb","5 cm",-84.266476988368,3.15776088956262
2020-11-11,"T3","Elev","20 cm",-105.21512025463,3.02583466650562
2020-11-11,"T3","Elev","5 cm",-44.7496344328704,3.56566817218059
2020-11-12,"T3","Amb","20 cm",-154.483799768519,0.804307116721785
2020-11-12,"T3","Amb","5 cm",-99.6156920283565,2.37358066441324
2020-11-12,"T3","Elev","20 cm",-109.317300694444,3.0804143191663
2020-11-12,"T3","Elev","5 cm",-52.3401041087963,3.5405359273053
2020-11-13,"T3","Amb","20 cm",-158.595927893519,0.879616822023992
2020-11-13,"T3","Amb","5 cm",-100.897281412037,2.55995595659965
2020-11-13,"T3","Elev","20 cm",-111.403791782407,3.19319428767506
2020-11-13,"T3","Elev","5 cm",-52.5431463541666,3.68794061297746
2020-11-14,"T3","Amb","20 cm",-157.237412094907,3.67553248414819
2020-11-14,"T3","Amb","5 cm",-91.251390149074,4.21235122101999
2020-11-14,"T3","Elev","20 cm",-109.214040688657,4.15880855802074
2020-11-14,"T3","Elev","5 cm",-45.9671706799769,4.5529262443346
2020-11-15,"T3","Amb","20 cm",-148.218751446759,1.08336016470021
2020-11-15,"T3","Amb","5 cm",-81.6531593240741,2.8867850686527
2020-11-15,"T3","Elev","20 cm",-112.928433796296,2.56123205947174
2020-11-15,"T3","Elev","5 cm",-42.3571239583333,3.84441985718943
2020-11-16,"T3","Amb","20 cm",-138.269779976852,0.418535484919348
2020-11-16,"T3","Amb","5 cm",-73.5698393076389,2.55060078617406
2020-11-16,"T3","Elev","20 cm",-108.677997395833,2.23529961202366
2020-11-16,"T3","Elev","5 cm",-44.0308961226852,3.11512744808058
2020-11-17,"T3","Amb","20 cm",-149.474479861111,2.7951083577409
2020-11-17,"T3","Amb","5 cm",-78.3714187615741,3.43107668682942
2020-11-17,"T3","Elev","20 cm",-119.462561232639,3.25702323577703
2020-11-17,"T3","Elev","5 cm",-42.941641105324,4.25295074142044
2020-11-18,"T3","Amb","20 cm",-146.768035619792,4.11291327105123
2020-11-18,"T3","Amb","5 cm",-73.6828931404514,4.25212249074478
2020-11-18,"T3","Elev","20 cm",-113.361494690972,4.01820259951662
2020-11-18,"T3","Elev","5 cm",-22.6683670978009,5.70035726665539
2020-11-19,"T3","Amb","20 cm",-147.004888020833,0.951555056014681
2020-11-19,"T3","Amb","5 cm",-72.2950308275463,2.91683063104093
2020-11-19,"T3","Elev","20 cm",-111.109395775463,2.5505387470101
2020-11-19,"T3","Elev","5 cm",-4.79623947395832,5.94022286619825
2020-11-20,"T3","Amb","20 cm",-141.456197309028,3.45417762521744
2020-11-20,"T3","Amb","5 cm",-66.6153387210648,4.11362485427168
2020-11-20,"T3","Elev","20 cm",-105.163200248843,3.33344803741614
2020-11-20,"T3","Elev","5 cm",2.50108886290508,6.03390095057426
2020-11-21,"T3","Amb","20 cm",-139.945756944444,0.714934054307968
2020-11-21,"T3","Amb","5 cm",-66.5651228368056,2.58491285847207
2020-11-21,"T3","Elev","20 cm",-107.235997974537,2.5107564428563
2020-11-21,"T3","Elev","5 cm",-4.53399203877026,5.52758926045421
2020-11-22,"T3","Amb","20 cm",-142.70487974537,0.766064738049453
2020-11-22,"T3","Amb","5 cm",-72.3987314658565,2.50528427335675
2020-11-22,"T3","Elev","20 cm",-108.611400231481,2.54414029427004
2020-11-22,"T3","Elev","5 cm",-14.7256453755787,5.05329977746825
2020-11-23,"T3","Amb","20 cm",-151.69472650463,1.21822911559906
2020-11-23,"T3","Amb","5 cm",-82.7741340337963,2.26888087495399
2020-11-23,"T3","Elev","20 cm",-116.832988541667,2.7938162191576
2020-11-23,"T3","Elev","5 cm",-30.1423897453704,4.88906060784011
2020-11-24,"T3","Amb","20 cm",-147.197434293981,4.76670886334021
2020-11-24,"T3","Amb","5 cm",-75.8713623682349,4.31939257492494
2020-11-24,"T3","Elev","20 cm",-112.667479163194,4.6627341417008
2020-11-24,"T3","Elev","5 cm",-16.9833740550926,6.14783906877732
2020-11-25,"T3","Amb","20 cm",-157.484945428241,0.759371247925716
2020-11-25,"T3","Amb","5 cm",-85.1929715835648,1.92820763006839
2020-11-25,"T3","Elev","20 cm",-119.804198032407,2.84839228152524
2020-11-25,"T3","Elev","5 cm",-18.6470932175926,5.82315679628204
2020-11-26,"T3","Amb","20 cm",-142.729540914352,0.768347985452312
2020-11-26,"T3","Amb","5 cm",-71.4343369188079,2.50898768178189
2020-11-26,"T3","Elev","20 cm",-108.058319965278,2.61774310382249
2020-11-26,"T3","Elev","5 cm",-16.1869044837963,5.07198629125107
2020-11-27,"T3","Amb","20 cm",-156.567412268519,1.10350182757409
2020-11-27,"T3","Amb","5 cm",-84.1977202349537,3.10030513424128
2020-11-27,"T3","Elev","20 cm",-113.949541087963,2.7879302965471
2020-11-27,"T3","Elev","5 cm",-28.9586580381944,4.7803121213955
2020-11-28,"T3","Amb","20 cm",-158.148593260995,3.02346167329148
2020-11-28,"T3","Amb","5 cm",-83.1744103449074,3.8834326423046
2020-11-28,"T3","Elev","20 cm",-114.91893895434,3.65387920711831
2020-11-28,"T3","Elev","5 cm",-25.8019998240741,5.58441511766588
2020-11-29,"T3","Amb","20 cm",-165.460428240741,0.843836050820048
2020-11-29,"T3","Amb","5 cm",-84.1662506828704,3.19834681019994
2020-11-29,"T3","Elev","20 cm",-120.12826880787,2.86690653429317
2020-11-29,"T3","Elev","5 cm",-21.4438441898148,6.00526531518874
2020-11-30,"T3","Amb","20 cm",-143.128777893519,1.01926730302506
2020-11-30,"T3","Amb","5 cm",-67.2585756365741,3.52062391920617
2020-11-30,"T3","Elev","20 cm",-103.008225,2.5263534574211
2020-11-30,"T3","Elev","5 cm",-2.87988780671295,5.74850834654418
2020-12-01,"T3","Amb","20 cm",-134.928824006103,2.78710447337429
2020-12-01,"T3","Amb","5 cm",-61.2676797501198,3.91217179956007
2020-12-01,"T3","Elev","20 cm",-96.4033574074074,3.06640000481593
2020-12-01,"T3","Elev","5 cm",-5.78718512152778,5.03227405483266
2020-12-02,"T3","Amb","20 cm",-138.13855351455,4.35337054647642
2020-12-02,"T3","Amb","5 cm",-53.9822448784722,5.1246216340027
2020-12-02,"T3","Elev","20 cm",-99.2664280052084,3.93016141086119
2020-12-02,"T3","Elev","5 cm",6.81843770196759,6.59286939495014
2020-12-03,"T3","Amb","20 cm",-146.647967939815,1.07788418922525
2020-12-03,"T3","Amb","5 cm",-63.4006180034723,3.77918328017574
2020-12-03,"T3","Elev","20 cm",-104.057928587963,2.71011834340296
2020-12-03,"T3","Elev","5 cm",38.8738102874769,9.39103251185773
2020-12-04,"T3","Amb","20 cm",-147.291667650463,1.15262346544312
2020-12-04,"T3","Amb","5 cm",-69.9966882309954,3.39640268726166
2020-12-04,"T3","Elev","20 cm",-104.172345196759,2.73679164748041
2020-12-04,"T3","Elev","5 cm",44.1211253602026,10.1764701664669
2020-12-05,"T3","Amb","20 cm",-160.119014699074,1.36471670717346
2020-12-05,"T3","Amb","5 cm",-85.6947741580573,3.03649104858145
2020-12-05,"T3","Elev","20 cm",-114.435312962963,2.9401673306556
2020-12-05,"T3","Elev","5 cm",8.5394848935185,8.66887380385062
2020-12-06,"T3","Amb","20 cm",-173.203361168981,0.64583244013572
2020-12-06,"T3","Amb","5 cm",-99.0398698663195,2.31293268091614
2020-12-06,"T3","Elev","20 cm",-123.951294270833,2.9261104919852
2020-12-06,"T3","Elev","5 cm",21.759406494213,11.2226887162811
2020-12-07,"T3","Amb","20 cm",-166.784963769676,3.07010986522637
2020-12-07,"T3","Amb","5 cm",-90.6542481794445,3.50873640164337
2020-12-07,"T3","Elev","20 cm",-119.240196195023,3.8792702314084
2020-12-07,"T3","Elev","5 cm",47.5808079189236,11.7497369572042
2020-12-08,"T3","Amb","20 cm",-165.32524228588,3.28327502063325
2020-12-08,"T3","Amb","5 cm",-87.8298123894676,3.71887208437154
2020-12-08,"T3","Elev","20 cm",-117.584238265278,3.78645519046757
2020-12-08,"T3","Elev","5 cm",64.4588315552083,11.477520550207
2020-12-09,"T3","Amb","20 cm",-162.51497408912,3.03860454970323
2020-12-09,"T3","Amb","5 cm",-83.2620694421297,3.67863798087271
2020-12-09,"T3","Elev","20 cm",-114.719452813657,3.84681825601594
2020-12-09,"T3","Elev","5 cm",77.1674220244213,11.1994322855421
2020-12-10,"T3","Amb","20 cm",-162.260923090278,0.898160865935838
2020-12-10,"T3","Amb","5 cm",-80.6641638707755,2.79532140951648
2020-12-10,"T3","Elev","20 cm",-115.143466145833,3.13260052696997
2020-12-10,"T3","Elev","5 cm",84.9877715481481,10.585762873729
2020-12-11,"T3","Amb","20 cm",-161.860062673611,0.902457265627698
2020-12-11,"T3","Amb","5 cm",-79.6238291574074,2.8607525340383
2020-12-11,"T3","Elev","20 cm",-114.392056712963,3.13912732589161
2020-12-11,"T3","Elev","5 cm",83.4766797945602,10.3252528279716
2020-12-12,"T3","Amb","20 cm",-159.472026001157,2.82086870062333
2020-12-12,"T3","Amb","5 cm",-78.3068740855324,3.58899291392494
2020-12-12,"T3","Elev","20 cm",-112.196010337384,3.70950233925358
2020-12-12,"T3","Elev","5 cm",74.9882180578125,10.1461931430848
2020-12-13,"T3","Amb","20 cm",-155.508037384259,0.664587514142599
2020-12-13,"T3","Amb","5 cm",-76.1239294467592,2.12343999321693
2020-12-13,"T3","Elev","20 cm",-115.193603877315,3.0151717157288
2020-12-13,"T3","Elev","5 cm",46.8569767575231,10.4119233975199
2020-12-14,"T3","Amb","20 cm",-137.591740665509,2.8439641604421
2020-12-14,"T3","Amb","5 cm",-54.5920819176505,3.41585757628682
2020-12-14,"T3","Elev","20 cm",-102.434105542824,3.4711499519199
2020-12-14,"T3","Elev","5 cm",60.1187465310185,10.8075881115696
2020-12-15,"T3","Amb","20 cm",-143.943871006944,0.75215856957899
2020-12-15,"T3","Amb","5 cm",-58.8830647846528,1.93675245465136
2020-12-15,"T3","Elev","20 cm",-109.820408101852,3.07400369975331
2020-12-15,"T3","Elev","5 cm",63.3674292540509,11.1299326635885
2020-12-16,"T3","Amb","20 cm",-136.498038773148,2.98512873186585
2020-12-16,"T3","Amb","5 cm",-50.2115745230903,3.17950082442076
2020-12-16,"T3","Elev","20 cm",-103.637955590278,3.5637049152483
2020-12-16,"T3","Elev","5 cm",84.6462572180556,10.603465685656
2020-12-17,"T3","Amb","20 cm",-134.394662962963,0.782061693462049
2020-12-17,"T3","Amb","5 cm",-46.8803237844329,2.00678846520411
2020-12-17,"T3","Elev","20 cm",-101.165086168981,2.97036062127331
2020-12-17,"T3","Elev","5 cm",94.4039708836805,10.2355508791235
2020-12-18,"T3","Amb","20 cm",-132.689220740741,2.92158532659831
2020-12-18,"T3","Amb","5 cm",-44.2973642631945,3.0161198983437
2020-12-18,"T3","Elev","20 cm",-99.5453927025463,3.53540646018052
2020-12-18,"T3","Elev","5 cm",111.718208875,10.5570382810044
2020-12-19,"T3","Amb","20 cm",-135.485136796296,3.07356131853194
2020-12-19,"T3","Amb","5 cm",-48.0714505566261,3.02063638125589
2020-12-19,"T3","Elev","20 cm",-100.609790842593,3.66277335627193
2020-12-19,"T3","Elev","5 cm",117.450875096065,10.6360862808387
2020-12-20,"T3","Amb","20 cm",-123.326017118056,4.82931596927053
2020-12-20,"T3","Amb","5 cm",-33.8715350730324,4.35354095032722
2020-12-20,"T3","Elev","20 cm",-91.6539752145949,4.13447711953627
2020-12-20,"T3","Elev","5 cm",129.59283604456,10.027634263927
2020-12-21,"T3","Amb","20 cm",-125.112324166667,3.81335213986518
2020-12-21,"T3","Amb","5 cm",-37.4570648211227,3.65516835252991
2020-12-21,"T3","Elev","20 cm",-92.1628152100694,3.81114229519007
2020-12-21,"T3","Elev","5 cm",118.88937566956,9.87939393099542
2020-12-22,"T3","Amb","20 cm",-122.726903043981,3.83909333899319
2020-12-22,"T3","Amb","5 cm",-35.0943621643519,3.72898714608292
2020-12-22,"T3","Elev","20 cm",-90.916122181713,3.77174052469895
2020-12-22,"T3","Elev","5 cm",121.027319546991,10.3110851029234
2020-12-23,"T3","Amb","20 cm",-132.008438425926,0.893840102096269
2020-12-23,"T3","Amb","5 cm",-43.7932216443519,2.0629348525623
2020-12-23,"T3","Elev","20 cm",-98.3067352430556,2.8903774021747
2020-12-23,"T3","Elev","5 cm",119.034972649248,10.7262842174498
2020-12-24,"T3","Amb","20 cm",-127.651295949074,0.669733985419796
2020-12-24,"T3","Amb","5 cm",-42.4614439041782,2.26402188292759
2020-12-24,"T3","Elev","20 cm",-93.7237528356482,2.68783171321773
2020-12-24,"T3","Elev","5 cm",107.126325689815,9.79677161072318
2020-12-25,"T3","Amb","20 cm",-125.325094270833,1.01288318657593
2020-12-25,"T3","Amb","5 cm",-46.7983006105324,3.04074724507914
2020-12-25,"T3","Elev","20 cm",-92.0922725694444,2.6338695678883
2020-12-25,"T3","Elev","5 cm",69.2193066828704,8.04141449458527
2020-12-26,"T3","Amb","20 cm",-127.70222337963,0.608195859724358
2020-12-26,"T3","Amb","5 cm",-41.3751489079861,2.31178685411082
2020-12-26,"T3","Elev","20 cm",-96.1316428819444,2.60989953061418
2020-12-26,"T3","Elev","5 cm",88.8664575273148,10.1539694521344
2020-12-27,"T3","Amb","20 cm",-124.676180844907,0.600265616003033
2020-12-27,"T3","Amb","5 cm",-34.8262448564815,2.45174161842753
2020-12-27,"T3","Elev","20 cm",-93.6971144097222,2.53258642644116
2020-12-27,"T3","Elev","5 cm",117.228755696181,11.0843490548145
2020-12-28,"T3","Amb","20 cm",-120.8320046875,1.8326415200984
2020-12-28,"T3","Amb","5 cm",-32.0258242418981,2.81350885419717
2020-12-28,"T3","Elev","20 cm",-89.6210691219487,2.82791520412818
2020-12-28,"T3","Elev","5 cm",130.420325868056,10.6642852137264
2020-12-29,"T3","Amb","20 cm",-124.267007523148,1.98754988091671
2020-12-29,"T3","Amb","5 cm",-35.1679350717592,3.2375598049016
2020-12-29,"T3","Elev","20 cm",-90.6118592071759,2.7549642066977
2020-12-29,"T3","Elev","5 cm",134.978760155093,10.7016860953127
2020-12-30,"T3","Amb","20 cm",-118.523672002315,3.80270260536849
2020-12-30,"T3","Amb","5 cm",-28.0475426568287,3.94046347763353
2020-12-30,"T3","Elev","20 cm",-89.1349509537037,3.3145219964406
2020-12-30,"T3","Elev","5 cm",143.030135863194,10.312396251426
2020-12-31,"T3","Amb","20 cm",-126.870630555556,0.742139019601641
2020-12-31,"T3","Amb","5 cm",-39.6853085099537,2.58859256091267
2020-12-31,"T3","Elev","20 cm",-93.4490193865741,2.54447080909193
2020-12-31,"T3","Elev","5 cm",127.192631533333,9.87611373893461
